ID,PanelA,PanelB,PanelC,PanelD,PanelE,PanelF,PanelG,PanelH,Sensor1,Sensor2,Sensor3,Sensor4,Sensor5,Sensor6,Sensor7,Sensor8,Target
0,A,A,A,B,B,B,B,A,25.93,1.61,102.08,3,3,1.02,0.03,1,4
1,B,A,A,B,B,B,B,A,24.63,1.83,120.98,2.64,3,2.74,2,0.5,3
2,A,A,A,B,B,B,B,A,25.99,1.66,105.12,3,3,1.63,0.01,0.41,4
3,B,A,A,B,B,B,B,A,25.04,1.76,88.53,1.97,1.08,2,0,0.46,6
4,A,A,A,B,B,B,B,C,43.73,1.59,77,2,3,2.81,0,0,2
5,B,B,A,B,B,B,B,A,17.52,1.76,52.09,2.21,2.64,2.12,1,0.86,0
6,B,A,A,B,B,B,B,A,19.11,1.86,88.97,2,3,1.02,0,0.37,5
7,B,A,A,B,B,B,C,A,20.1,1.62,104.3,2.87,1.63,1.38,0.21,1.16,3
8,A,A,A,B,B,B,B,A,26,1.62,105.01,3,3,1.29,0,0.54,4
9,A,A,A,A,B,A,C,D,23,1.67,75,2,3,2,0,2,5
10,A,A,A,B,B,B,B,A,22.52,1.75,133.69,3,3,2.05,1.41,0.65,4
11,B,A,A,B,B,B,B,C,30.19,1.76,112.1,1.39,3,2.02,0,0.73,3
12,B,B,A,B,B,B,C,C,26.65,1.79,83.26,1.28,4,2.5,0,1,5
13,B,B,A,B,B,C,B,A,22.55,1.63,70,2,1,2.8,0.25,0,5
14,A,A,A,B,B,B,B,C,33.73,1.68,74.89,3,1.14,1,0.26,0,5
15,B,B,B,B,B,D,C,A,17,1.67,60,2,4,2,0,2,1
16,B,A,A,B,B,B,C,A,17.07,1.71,99.54,2,3,2,1.73,0.05,2
17,A,A,A,B,B,A,C,A,22,1.69,51.11,3,3.72,1.77,0.1,0.65,0
18,B,A,A,B,B,B,B,A,22.77,1.87,121.53,2.74,2.74,1.82,1.09,0,3
19,A,A,A,B,B,A,C,A,34.8,1.69,50,2.65,3.8,1.6,0.17,0.1,0
20,A,B,A,B,A,B,B,A,17.09,1.54,57.26,1.97,2.34,1.71,0.1,1.19,5
21,B,A,A,B,B,B,B,A,24.12,1.86,95.89,1.12,2.45,2,0.93,1.97,6
22,B,A,A,B,B,B,C,C,18,1.84,60,3,4,2,2,0,0
23,B,A,A,B,B,B,C,A,24.18,1.77,97.45,2,3,2.97,2.49,1.37,2
24,A,B,B,B,B,A,C,A,22.33,1.6,44.92,2.89,2.33,2.31,1.42,0,0
25,B,A,A,B,B,B,B,A,18,1.72,53,2,3,2,0,2,0
26,A,B,A,B,B,A,B,A,20.25,1.57,41.32,2.39,1,1,0,0.74,0
27,A,A,A,B,B,B,B,A,25.61,1.67,112.88,3,3,2.99,0.36,0.17,4
28,A,A,A,B,B,B,B,A,21.05,1.75,133.85,3,3,2.95,1.45,0.67,4
29,A,B,B,B,B,A,C,A,23.44,1.6,44.59,2.59,1.88,1.92,0.42,0,0
30,B,B,B,B,B,B,B,A,18,1.79,52,3,3,2,1,1,0
31,B,A,A,B,B,B,B,A,23.33,1.75,119.44,1.89,3,2,1.92,0.94,3
32,B,A,A,A,B,B,B,C,31.46,1.87,128.87,2.96,3,1.28,0.9,1.88,3
33,A,A,B,B,B,B,B,A,18.95,1.62,72.11,3,3.88,2,1,1,6
34,B,A,A,B,B,B,B,A,17.04,1.8,95.42,2,3,3,1.05,0.93,6
35,A,A,A,B,B,B,C,A,23,1.64,84.34,2.18,3,2.72,2.23,0.07,2
36,A,B,A,B,B,A,B,A,19.6,1.57,41.71,2.97,1,1.13,0,0.5,0
37,A,A,A,B,B,B,B,A,20.87,1.69,129.77,3,3,1.15,1.72,0.96,4
38,B,A,A,B,B,B,B,A,28.99,1.91,129.87,2.21,3,1.48,1.11,0,3
39,B,A,A,B,B,B,B,E,41,1.75,118,2,3,2,0,0,3
40,B,A,A,B,B,B,C,A,18,1.78,109.21,2,1.87,2.44,1,0.8,2
41,B,A,A,B,B,B,B,A,19.22,1.81,86.75,2,3,2.17,0.98,0.14,5
42,B,A,A,B,B,B,C,A,21,1.71,100,2,1,2,0,2,2
43,A,A,A,A,B,D,B,A,21,1.63,60,3,3,2,2,0,1
44,B,A,A,B,B,B,B,C,29,1.67,89.05,1.9,3,1.19,0.01,0,2
45,A,A,A,B,B,B,B,C,37.97,1.56,80,2.57,2.46,1.57,0.36,0,2
46,A,B,A,B,B,B,B,A,18.87,1.59,41.45,2,1.08,1,0.19,1.55,0
47,A,A,A,B,B,B,B,A,21.81,1.61,67.14,1.87,3.37,2.56,1.21,0.27,5
48,B,A,A,B,B,B,C,A,33.79,1.68,102.52,2.81,2.37,1,1.98,0,3
49,A,A,A,B,B,B,C,A,16,1.61,65,1,1,2,0,0,5
50,B,A,A,B,B,B,B,A,19.64,1.81,85.3,2.92,3.34,2.37,1.31,0.31,5
51,A,A,A,B,B,B,B,A,25.75,1.67,104.77,3,3,1.53,0.18,0.75,4
52,A,A,A,B,B,B,C,A,22.85,1.67,85.57,2.07,1.77,2.43,0.04,1,2
53,B,A,A,B,B,B,B,A,22.58,1.85,121.56,3,2.27,1.56,0.8,0,3
54,B,A,A,B,B,B,C,A,30.4,1.7,102.82,2.79,2.13,1.25,0.65,1.04,3
55,B,A,A,B,B,B,B,C,30.55,1.78,120.6,2.67,3,2.15,0.88,0.59,3
56,B,A,A,B,B,B,C,A,22.66,1.66,94.19,2,3,2,0,0.11,2
57,B,B,B,B,B,B,B,A,20,1.6,50,2,3,1,0,0,1
58,A,A,A,B,B,B,C,A,22.06,1.6,82.04,1.36,2.57,2.17,2.23,1.28,2
59,B,A,A,B,B,B,B,A,18,1.79,108.24,2,2.14,2.94,1,0.1,2
60,B,A,A,B,B,B,C,C,33.01,1.74,84.77,2,3,2.04,1.21,0,6
61,A,A,A,B,B,B,B,A,25.54,1.68,109.9,3,3,1.47,0.14,0.44,4
62,A,A,A,B,B,B,B,A,18.63,1.67,126.09,3,3,1.14,0.92,0.9,4
63,A,B,B,B,B,A,C,A,21.24,1.6,44.85,3,1.73,2.44,1.32,0,0
64,B,A,A,B,B,B,B,A,18,1.74,86.57,3,3,2,2.04,0.86,6
65,B,A,A,B,B,D,B,A,20,1.98,125,2,3,3,1,1,2
66,A,A,A,B,B,B,B,C,36.63,1.53,62.42,2.29,2.85,2.64,0,0.99,5
67,B,A,A,B,B,B,B,A,21.21,1.93,118.56,2,3,3,0.73,1,2
68,A,A,A,B,B,B,B,A,21.02,1.72,133.03,3,3,1.65,1.54,0.91,4
69,A,A,A,B,B,B,B,A,26,1.66,111.96,3,3,2.78,0,0.05,4
70,A,A,A,B,B,B,B,C,37.53,1.62,80,2.97,3,1.64,0,0,2
71,A,A,A,B,B,A,C,C,45,1.63,77,2,3,1,0,0,6
72,B,A,B,B,B,B,B,A,19.22,1.71,78.07,1.96,3,2,1.66,1,6
73,B,B,B,B,B,B,B,A,39,1.79,90,2,1,2,0,0,6
74,B,A,A,B,B,B,B,A,25.63,1.84,96.19,1.32,2.28,2,1.81,1.94,6
75,A,B,B,B,B,A,B,A,21,1.52,42,3,1,1,0,0,0
76,B,A,A,B,B,B,B,A,18.07,1.79,52,3,3,2,0.85,1,0
77,B,A,A,B,B,B,C,A,22.98,1.7,95,2,3,2.02,1.81,1.07,2
78,B,A,A,B,B,B,C,C,34.43,1.69,84.45,2.13,2.69,2.61,1.17,0.29,6
79,A,B,A,B,B,B,B,A,19.95,1.53,39.37,1.52,3,1.98,2.31,0.72,0
80,B,A,A,B,B,B,C,A,19.18,1.64,70,2,1.03,2.12,0.53,0,5
81,A,A,A,B,B,B,B,A,21.28,1.76,133.9,3,3,2.89,1.41,0.81,4
82,B,A,A,B,B,A,A,A,23,1.87,95,1,3,2,0,2,6
83,B,A,B,B,A,A,A,D,55,1.78,84,3,4,3,3,0,5
84,A,A,A,B,B,B,B,A,26,1.63,111.59,3,3,2.55,0,0.25,4
85,B,A,A,B,B,B,B,C,31.43,1.85,99,2.76,2.59,2.55,1.43,0.52,6
86,B,A,A,B,B,B,C,A,20.03,1.61,103.18,2.98,1.11,1.43,0,1.69,3
87,A,B,A,B,B,B,C,A,17,1.56,51,3,3,1,0,2,1
88,B,A,A,B,B,B,B,C,31.64,1.68,89.99,2.93,2.12,2.04,0.58,0,2
89,B,A,A,B,B,B,B,A,25.54,1.79,115.43,1.99,3,2.14,1.12,0,3
90,A,A,A,A,A,A,A,A,19,1.65,56,3,3,3,1,2,1
91,B,A,A,B,B,B,C,A,27.94,1.69,99.71,2.77,2.45,1,0.86,0.05,3
92,A,A,A,B,B,B,B,A,26,1.63,110.8,3,3,2.7,0,0.24,4
93,A,A,A,A,B,B,B,A,23,1.48,60,2,1,1,0,0,6
94,B,A,A,B,B,B,C,A,24,1.6,100.21,3,1.02,1,0.23,1.71,3
95,B,A,A,B,B,B,C,A,24.24,1.62,99.98,2.94,3.99,1.01,1.96,0.69,3
96,A,A,A,B,B,B,C,A,18.08,1.62,82.4,2.34,3,1.66,1.01,0.55,2
97,B,A,A,B,B,B,C,A,20.34,1.7,98.57,2,2.39,2,0,1.81,2
98,A,A,A,B,B,B,B,A,25.54,1.67,104.75,3,3,1.41,0.14,0.75,4
99,B,A,A,B,B,B,C,C,21.08,1.79,58.59,2.53,3.25,2.39,1.98,1.67,0
100,A,A,B,B,A,C,C,A,23,1.63,55,3,3,2,2,1,1
101,B,A,A,B,B,B,B,A,23.98,1.84,120.98,2.6,2.85,2.01,1.52,0.3,3
102,A,A,A,B,B,B,B,A,18.22,1.8,141.17,3,3,2.42,2,0.89,4
103,A,A,A,B,A,B,B,A,17.26,1.6,65,2.75,2.3,2,0.55,1.62,5
104,B,A,A,B,B,B,B,A,24.15,1.82,120.81,2.23,3,2.36,1.94,0.68,3
105,B,A,A,B,B,B,B,A,22.94,1.82,93.09,1.88,1.24,2,0,1.54,6
106,A,A,A,B,B,B,A,A,19,1.76,79.54,2,1.15,3,1.81,1.69,5
107,B,A,A,A,A,A,B,A,26,1.75,80,3,1,2,2,0,5
108,A,A,A,B,B,B,B,C,38.94,1.55,63.01,2.87,3,2.97,2.16,0.31,5
109,A,A,A,B,B,B,B,A,25.99,1.58,102,3,3,1,0.01,1,4
110,B,A,A,B,B,A,B,A,19,1.83,82,3,3,2,2,0,1
111,A,A,A,B,B,A,B,A,20,1.58,53.5,2,1,2,1,1,1
112,A,A,A,B,B,B,B,A,26,1.62,111.53,3,3,2.61,0,0.17,4
113,A,B,A,B,B,B,B,A,24,1.62,58,3,3,2,1,1,1
114,B,A,A,B,B,B,B,C,31.33,1.74,82.52,2.3,3.07,1.74,0.09,0,6
115,A,A,A,B,B,B,B,A,26,1.66,111.99,3,3,2.89,0,0.02,4
116,A,A,A,B,B,B,C,C,34.23,1.65,79.7,2.09,1.82,2.09,0.31,1.04,6
117,B,A,A,B,B,B,B,C,29,1.68,89.99,1.85,3,2.11,0.39,0,2
118,A,A,A,B,B,B,B,A,25.62,1.63,108.27,3,3,1.62,0.09,0.44,4
119,B,A,A,B,B,B,C,C,33.05,1.71,83,2,1.17,2.41,2.3,0,6
120,B,A,A,B,B,B,B,C,30.98,1.76,118.24,2.94,3,2.06,0.37,1.33,3
121,A,A,A,B,B,B,B,A,20.33,1.78,154.62,3,3,2.32,1.97,0.77,4
122,A,A,A,B,B,B,C,A,38,1.64,59.8,2,3,2,2,0,1
123,B,A,A,B,B,B,B,A,30.71,1.91,129.85,2.2,3,1.11,0.91,0.98,3
124,A,A,A,B,B,B,B,A,25.72,1.63,107.22,3,3,2.49,0.07,0.46,4
125,A,A,A,B,B,B,C,A,23,1.61,84.19,2.14,2.99,2.52,2.11,0.01,2
126,A,A,A,B,B,B,B,A,22.9,1.66,82.6,1.2,1.36,2.77,0.13,1.66,2
127,B,B,A,A,B,B,B,A,25,1.66,68,2,3,1,1,1,1
128,B,A,A,B,B,B,C,C,17,1.82,58.44,2.56,3.05,2,2.01,0.59,0
129,A,A,A,B,B,D,B,A,24,1.56,60,1,3,2,0,2,1
130,B,A,A,B,B,B,B,A,30.58,1.83,124.95,2.02,3,1.83,0.8,0.19,3
131,A,A,A,B,B,B,B,A,20.07,1.81,152.22,3,3,2.3,1.7,0.73,4
132,A,A,A,B,B,B,B,A,26,1.61,105.42,3,3,2.18,0,0.52,4
133,A,A,A,B,B,B,B,A,26,1.6,110.07,3,3,2.56,0,0.46,4
134,B,A,A,B,B,B,C,D,14,1.71,72,3,3,3,2,1,1
135,B,A,A,B,B,D,A,C,23,1.65,95,2,3,2,0,1,2
136,A,A,A,B,B,B,B,A,24.06,1.74,133.17,3,3,2.85,1.3,0.72,4
137,A,A,A,B,B,B,A,A,18.84,1.75,80,2,1.74,2.21,2.64,0.71,5
138,A,A,B,B,B,B,C,A,28.77,1.53,65.03,2,1,1,0.26,0,6
139,A,A,A,B,B,B,B,C,40.65,1.53,79.76,2,3,1,0,0,2
140,B,A,A,B,B,B,B,C,29.25,1.76,112.4,2.32,3,2.16,0,1.25,3
141,B,A,A,B,B,B,B,A,26.23,1.77,116.16,2.44,3,2.17,0,1.93,3
142,A,A,A,B,B,B,B,A,25.92,1.61,102.36,3,3,1.03,0.03,0.91,4
143,B,A,A,B,B,B,C,C,40.56,1.75,109.76,2.31,3.22,1.01,1.16,0,3
144,B,A,A,B,B,B,B,A,20.26,1.81,85.32,2,3,1.97,1.07,0.78,5
145,A,A,A,B,B,B,B,A,26,1.64,111.88,3,3,2.77,0,0.09,4
146,B,A,A,B,B,A,B,A,26,1.85,105,3,3,3,2,2,2
147,B,B,B,B,B,B,C,A,23,1.62,58,2,3,1,1,0,1
148,A,A,A,B,B,B,B,A,22.68,1.61,82.6,2.7,1,2.6,0.29,2,2
149,B,A,A,B,B,B,B,A,24.44,1.72,86.32,2,2.68,2.69,0,0.69,6
150,B,A,A,B,A,D,B,C,21,1.72,72,3,3,3,3,0,1
151,B,A,A,B,B,B,B,C,28.26,1.82,120.7,3,3,2.72,0.74,0.97,3
152,B,A,A,B,B,A,C,A,18.16,1.69,52,3,3,2,0.82,1,0
153,A,B,A,B,B,A,B,A,19.27,1.71,50,1.01,4,1,1.68,0.7,0
154,B,A,A,B,B,B,C,C,19.99,1.76,55.51,2,4,2.54,2,1.81,0
155,B,A,A,B,B,B,C,A,30.87,1.67,101.63,2.91,3.99,1,2,0,3
156,A,A,A,B,B,B,B,A,21.03,1.75,133.88,3,3,2.87,1.48,0.84,4
157,B,A,A,B,B,B,B,C,30.58,1.78,120.61,2.34,3,2.3,0.57,0.92,3
158,A,B,A,B,B,D,B,C,27,1.6,61,3,3,2,0,0,1
159,A,A,A,B,B,B,B,A,26,1.63,107.48,3,3,2.69,0,0.41,4
160,B,A,A,B,B,B,B,A,18.38,1.72,53.78,2,3.13,2.07,1.49,2,0
161,B,B,A,B,B,B,C,C,55.25,1.77,80.49,2,3,2,1,0,6
162,B,A,A,B,B,B,B,C,40.32,1.79,98.45,2,3,2.68,1.55,0.52,2
163,B,A,A,B,B,B,B,A,25.06,1.76,113.23,1.52,3,2.04,1.59,0,3
164,B,A,A,B,B,B,C,C,17.2,1.85,59.62,2.88,3.6,2,2.08,0.71,0
165,B,A,A,B,B,B,B,A,21,1.69,75,2,3,1.83,1,0,5
166,A,A,A,B,B,B,B,A,18.42,1.74,126.8,3,3,2.39,1.54,0.9,4
167,A,A,A,B,B,B,B,A,18.12,1.81,152.57,3,3,2.16,2,0.94,4
168,A,A,A,B,B,B,C,A,23,1.65,90,2,3,3,0,1,2
169,A,A,A,B,B,B,C,C,17,1.7,56,1,3,1,1,1,1
170,A,A,A,B,B,B,B,A,25.9,1.66,102.78,3,3,1.07,0.11,1,4
171,A,A,A,B,B,B,B,C,31.63,1.67,72.91,2,3,1,0,1.3,5
172,A,B,A,B,B,B,B,C,39.97,1.74,80.91,2.42,3.2,1.35,0.15,1.08,5
173,A,A,A,B,B,B,B,A,21.7,1.79,137.86,3,3,2.53,1.98,0.84,4
174,A,B,A,B,A,B,B,A,19.82,1.51,64.26,2.57,3,1.82,0,0,5
175,B,A,A,B,B,B,B,A,24.58,1.77,117.71,1.48,3,2.02,1.05,0.46,3
176,B,B,A,B,B,A,A,C,19,1.89,87,2,4,2,3,1,1
177,B,A,A,B,B,B,C,A,19.09,1.7,99.2,2,2.12,2,0,1.88,2
178,B,B,A,B,B,B,B,A,18,1.65,85,2,3,1,1,0,2
179,A,A,A,B,B,B,B,A,26,1.65,111.92,3,3,2.81,0,0.1,4
180,B,A,A,B,B,B,B,A,26.74,1.86,120.2,2.25,3,2.82,0.71,0,3
181,A,A,A,B,B,B,C,C,37,1.68,83,2,1,2,0,0,6
182,B,A,A,B,B,B,C,A,23.25,1.78,97.81,2,3,3,3,2,2
183,B,A,A,B,B,B,B,A,23,1.79,105.14,2.26,3,2.03,0.32,0.51,2
184,A,A,A,B,B,B,B,A,19.37,1.63,82,2.81,2.88,1,0,1.38,2
185,B,A,B,B,A,B,B,C,20,1.83,85,3,3,3,3,0,5
186,B,A,A,B,B,B,C,C,23.48,1.68,91.07,1.22,3,1.05,0.52,0.62,2
187,A,B,A,B,B,A,B,A,17,1.8,50,3,4,1,2,1,0
188,A,B,A,B,A,B,C,D,22,1.56,49,2,3,1,2,0,1
189,B,A,A,B,B,B,B,A,20.49,1.98,120.7,2,3,3,0.77,1,2
190,A,A,B,B,A,B,C,A,24,1.65,60,2,3,3,1,0,1
191,B,B,A,B,B,B,C,A,18,1.7,60,2,3,2,2,1,1
192,A,A,A,B,B,B,B,A,19.36,1.81,150.52,3,3,2.31,1.73,0.86,4
193,A,B,A,B,B,A,B,A,19,1.53,42,2.75,1.39,1.32,0.46,0.8,0
194,A,A,A,B,B,B,B,A,25.95,1.63,104.84,3,3,2.23,0.04,0.57,4
195,A,A,A,B,B,B,C,C,34.39,1.69,77.56,3,1.8,2,0.39,0,6
196,B,A,A,B,B,B,B,A,21,1.65,53,2,3,2,1,0,1
197,A,A,A,B,B,B,B,A,20.95,1.73,132.12,3,3,1.67,1.68,0.78,4
198,A,A,A,B,B,B,B,A,26,1.59,110.64,3,3,2.64,0,0.45,4
199,A,A,A,B,B,A,C,A,23,1.71,50.29,2,3,2.1,1.64,2,0
200,A,A,A,B,B,B,B,A,20.1,1.82,153.96,3,3,2.41,1.92,0.93,4
201,A,A,A,B,B,B,B,C,37.87,1.57,80,2,1.97,1.94,1.65,0,2
202,A,B,B,B,B,D,C,D,20,1.6,57,3,3,2,1,0,1
203,B,A,A,B,B,B,B,A,23.26,1.85,121.41,3,2.6,2.05,0.84,0,3
204,A,B,A,B,B,B,C,A,18,1.58,48,2,3,2,1,0,1
205,A,A,A,B,B,B,B,C,31.79,1.65,73.81,2.37,2.85,1.03,0.68,0.3,5
206,A,A,B,B,B,B,C,A,20.49,1.53,65.14,2,3,1.21,1.92,1.23,6
207,A,A,A,B,B,B,B,A,21,1.75,77.98,2.27,2.39,1.65,0.87,1.1,5
208,A,B,A,B,A,B,B,A,18.61,1.55,60.63,2.82,2.64,1.23,0.75,0.01,5
209,B,A,A,B,B,B,C,A,26.29,1.77,82.69,1.95,3.12,2.14,0.78,0.89,5
210,B,A,A,B,B,B,B,A,20.98,1.79,105.62,2,3,1.03,0,0.18,2
211,A,B,A,B,B,A,B,A,20.55,1.52,42,3,1,1.19,0,0.08,0
212,A,A,A,B,B,B,B,A,26,1.64,111.21,3,3,2.71,0,0.11,4
213,B,A,A,B,B,B,B,A,27.64,1.81,120.42,2.97,3,2.57,0.69,1.34,3
214,B,B,A,B,B,B,B,A,18,1.74,70,2,3,2,1,1,1
215,B,A,A,B,B,B,B,A,29.67,1.91,129.19,2.43,3,1.34,1.64,0.09,3
216,B,A,A,B,B,B,C,A,20,1.76,55,2,4,3,2,2,0
217,B,A,A,B,B,B,C,C,55.14,1.66,80.99,2,3,2,1,0,6
218,A,B,A,B,B,B,B,A,18.54,1.56,41.4,2.66,1,1.3,0,1.64,0
219,B,A,B,B,B,B,C,A,18.88,1.7,79.68,2.74,2.16,1.09,0.11,0,6
220,A,A,A,B,B,B,B,A,21.02,1.74,135.69,3,3,1.66,1.09,0.79,4
221,B,A,A,B,B,B,B,A,25.53,1.78,115.35,2.19,3,2.1,1.33,0.38,3
222,A,A,A,B,B,B,B,C,29.32,1.64,69.91,2.37,3,1.93,1.58,0,5
223,A,A,A,B,B,B,B,A,22.8,1.61,82.64,2.96,1,2.98,0.74,2,2
224,B,B,A,B,B,B,B,A,16.2,1.69,52.63,2,2,2.67,0.99,0.47,0
225,A,A,A,B,B,B,B,A,26,1.61,104.94,3,3,1.32,0,0.54,4
226,A,A,A,B,B,B,C,A,22.03,1.64,87.34,3,1,3,1.28,1.78,2
227,A,A,B,B,B,B,B,A,18.85,1.55,72.95,3,3,2,2.27,1,6
228,A,A,A,B,B,B,B,C,26.22,1.56,78.44,2.11,1.23,1.81,0,0,2
229,B,A,A,A,B,B,B,A,18,1.86,110,2,1,2,1,2,2
230,A,A,A,B,A,B,B,A,16.17,1.6,65,2.54,1,2,0.69,1.06,5
231,B,A,A,B,B,B,B,A,23.38,1.73,82.48,2.71,2.85,1.53,1,0.17,6
232,B,B,A,B,B,A,B,A,20,1.87,75,2,3,1,1,1,1
233,B,A,A,B,B,B,B,A,23,1.7,75.09,3,3.21,2.64,1,1.9,5
234,B,A,A,B,B,A,B,D,27,1.83,99,3,1,2,2,1,6
235,B,A,A,B,B,B,B,A,18.18,1.85,114.77,2,1.85,2.16,1,2,2
236,B,A,A,B,B,B,C,A,17.05,1.71,99.86,2,3,2,0.07,0.89,2
237,A,A,A,B,B,B,B,A,22.87,1.63,82,2.59,1.48,1.91,0,0.13,2
238,A,A,A,B,B,B,B,A,30,1.65,71,2,3,1,0,0,5
239,B,A,A,B,B,D,C,A,23,1.71,50,2,3,3,0,2,0
240,A,A,A,B,B,B,B,A,26,1.62,109.98,3,3,2.52,0,0.38,4
241,A,A,A,B,B,B,C,A,18,1.64,68.39,2,1.13,1.34,0,1.59,5
242,B,B,A,B,B,C,B,A,21,1.61,68.87,1.91,2.94,2.94,1,0.21,5
243,B,A,A,B,B,B,B,A,30.42,1.82,122.14,2,3,1.98,0.79,0,3
244,B,A,A,B,B,B,C,C,30.02,1.75,83.31,2.01,3.17,1.84,0.89,0.4,6
245,A,B,A,B,B,C,B,A,20,1.67,60,3,3,2,3,0,1
246,B,A,A,B,B,B,C,A,21.8,1.78,103.61,2.12,3,2.5,1.21,0,2
247,A,A,A,B,B,B,B,A,21.99,1.73,78.55,2.29,1,2,2.06,0,5
248,B,A,A,B,B,B,C,A,20.42,1.84,105.26,2,3,2.79,2.22,0.2,2
249,B,B,B,B,B,D,B,D,18,1.93,86,3,4,2,2,0,1
250,A,A,A,B,B,B,A,A,18.05,1.73,75.97,2.93,3,2.21,1,0.8,5
251,A,A,A,B,B,B,B,A,24.36,1.74,133.35,3,3,2.85,1.14,0.59,4
252,A,A,A,B,B,B,B,A,22.68,1.63,82.97,2.27,1,2.27,0.95,1.73,2
253,B,A,A,B,B,B,B,C,30.44,1.76,118.37,2.57,3,2.22,1.02,1.15,3
254,B,A,A,B,B,B,B,C,26.7,1.8,85.77,2.87,3.05,2.11,0.84,0.15,5
255,A,A,A,B,B,B,C,C,42.34,1.65,86.64,2.82,2.27,1.72,0,0,2
256,B,A,A,B,B,B,B,A,19.11,1.77,87.8,2.75,3,2.96,2.24,0.79,6
257,B,A,A,B,B,B,B,A,23.32,1.71,82.01,2.78,2.12,2.98,2.16,0.2,6
258,A,A,A,B,B,A,C,A,22,1.61,63,3,3,3,1,0,1
259,A,A,A,B,B,A,B,D,19,1.51,59,3,3,1,1,2,5
260,B,A,A,B,B,B,B,A,18,1.76,85.05,2.85,3,2.88,1,0.43,6
261,A,A,A,B,B,B,B,C,32.28,1.65,74.15,2.89,2.56,1.02,0.59,0.92,5
262,A,A,A,B,B,B,B,A,20.19,1.68,125.42,3,3,1.12,0.88,0.55,4
263,B,A,A,B,B,B,C,A,22.65,1.69,81.02,2,2.76,1.61,0.43,1.75,6
264,B,A,A,B,B,B,B,C,29.96,1.7,82.21,2.12,3.29,1.72,0,0.99,6
265,B,A,A,B,B,B,C,C,34.2,1.72,84.42,2.03,3,2.8,1.98,0.42,6
266,A,A,B,B,B,B,B,C,35.19,1.67,73.19,3,2.81,1.59,0.18,0,5
267,A,A,A,B,B,B,C,A,23,1.67,80.46,2,2.26,1.14,0.81,1.61,6
268,A,A,A,B,B,B,B,C,39.14,1.51,79.59,2,3,1,0,0,2
269,A,A,A,B,B,A,C,A,23,1.73,51.44,2,3,1.23,0.62,2,0
270,A,A,A,B,B,B,B,A,26,1.58,105.06,3,3,1.2,0,0.53,4
271,A,A,A,B,B,B,B,A,26,1.62,109.98,3,3,2.69,0,0.45,4
272,B,A,A,B,B,B,C,C,35.72,1.69,83.33,2,1.01,2.14,1.06,0,6
273,B,A,A,A,B,B,B,A,31.2,1.85,125.08,2.5,3,1.66,0.99,0.22,3
274,A,A,A,B,B,B,B,A,25.99,1.62,104.95,3,3,2.45,0.04,0.67,4
275,A,A,A,B,B,B,B,A,26,1.63,111.88,3,3,2.62,0,0.14,4
276,A,A,B,B,B,A,B,A,29,1.6,56,2,3,1,0,1,1
277,B,A,A,B,B,B,B,A,25.15,1.76,112.84,1.29,3,2.01,1.38,0,3
278,B,B,A,B,B,C,B,A,21,1.62,70,2,1,3,1,0,5
279,B,A,A,B,B,B,B,A,21,1.71,75,2,3,1.64,1,0,5
280,B,B,B,B,B,A,B,B,21,1.65,60,3,1,1,0,0,1
281,B,A,A,B,B,B,B,A,30.36,1.84,93.61,2.05,2.95,1.31,1.44,0.93,6
282,A,A,A,B,B,B,B,A,19.44,1.63,82,1.08,2.87,1.12,0,1.62,2
283,A,B,B,B,B,A,B,A,19.72,1.69,49.66,2.71,3,2,1.9,1,0
284,B,A,A,B,B,B,B,A,25.7,1.81,107.56,2.92,3,2.87,0.18,0.13,2
285,A,A,A,B,B,B,C,A,18,1.65,68.82,2,1.41,1.86,0,1.31,5
286,A,A,A,B,B,B,B,A,26,1.61,102.69,3,3,1.02,0.11,1,4
287,B,A,A,B,B,B,C,A,23.33,1.75,95.29,2,3,3,3,2,2
288,B,A,A,B,B,B,B,A,22.47,1.76,105,2.28,3,2.1,1,0,2
289,B,A,A,B,B,B,B,A,19.62,1.82,85.83,2.95,3.71,2.43,2.55,0.47,5
290,B,A,A,B,B,B,B,A,19.23,1.81,85.26,2.97,3.39,2.13,2.32,0.68,5
291,A,B,B,B,B,A,C,A,21.84,1.59,44.24,3,1.7,2.55,1.1,0,0
292,A,B,A,B,B,B,B,A,18.48,1.7,50,1.59,3.54,1.09,0.62,1,0
293,B,A,B,B,B,B,C,A,18,1.65,70,2,3,2,0,0,5
294,B,A,A,B,B,B,C,C,33.27,1.73,84.75,2.63,2.63,2.25,2.69,0.85,6
295,A,A,A,B,B,B,B,A,26,1.58,110.55,3,3,2.58,0,0.49,4
296,B,A,B,B,A,D,C,E,31,1.76,75,3,3,3,3,0,1
297,B,A,A,B,B,D,A,C,33,1.83,113,2,1,2,1,2,2
298,A,A,A,B,B,B,C,A,21,1.65,88.03,2.48,1,3,1.75,1,2
299,B,B,A,B,B,B,C,C,55,1.65,80,2,3,2,1,0,6
300,A,A,A,B,B,B,B,A,21.7,1.79,137.77,3,3,2.83,1.51,0.92,4
301,B,A,A,B,B,B,B,A,26.36,1.76,82.23,1.94,3.56,2.37,0.24,0.88,5
302,B,A,A,B,B,B,B,A,18.14,1.86,111.24,2,1.71,2.04,1,2,2
303,B,A,A,B,B,B,B,A,23.12,1.68,75,2,3,2,0.33,1.91,5
304,A,A,A,B,B,B,B,A,19.28,1.62,82.85,1.28,2.92,1.4,0.55,1.56,2
305,B,A,A,B,B,B,B,A,23,1.72,82,2,1,1,1,1,6
306,B,A,A,A,B,B,B,C,30.61,1.75,120,2.76,3,2.17,1.08,1.36,3
307,A,A,A,B,B,B,B,A,21.32,1.75,149.29,3,3,2.31,1.68,0.71,4
308,A,A,A,B,B,A,C,A,22.93,1.72,50,2.45,3.65,1.27,0.87,0.1,0
309,A,A,A,B,B,B,B,A,23.63,1.7,80.42,2,3,2.39,0.93,1.34,6
310,A,A,A,B,B,B,C,C,42.32,1.58,81.94,2.49,2.97,1.85,0,0,2
311,A,A,A,B,A,B,B,A,17.1,1.6,65,3,2.4,2,0.66,1.75,5
312,A,A,A,B,B,B,B,A,21.06,1.73,152.09,3,3,2.37,0.75,0.67,4
313,A,A,A,B,B,B,B,A,21.57,1.75,133.85,3,3,2.75,1.43,0.9,4
314,B,A,B,B,B,B,B,A,17.44,1.7,83.41,2.06,2.58,1.91,1,0.96,6
315,A,A,A,B,B,A,C,A,23,1.74,53.66,2.24,3,1.85,2.46,0.81,0
316,A,B,A,B,B,A,B,A,17.77,1.74,50,1.34,4,1,2,1,0
317,A,A,A,B,B,B,C,A,18.95,1.61,82.04,2.77,3,1.05,0.19,0.72,2
318,B,A,A,B,B,B,B,A,28.49,1.82,120.82,2.97,3,2.81,0.98,1.19,3
319,B,A,A,B,B,B,B,C,31.32,1.67,90,2.19,2.03,2.35,1.95,0,2
320,A,A,A,B,B,B,B,A,25.78,1.63,107.38,3,3,2.51,0.03,0.48,4
321,B,A,B,B,B,B,C,C,32,1.75,120,3,3,3,0,2,3
322,B,A,A,B,B,B,C,C,18.27,1.82,58.62,2.14,4,2.93,2,1.16,0
323,A,A,A,B,B,B,C,C,36.31,1.7,83,2,1,2,1.47,0,6
324,A,A,A,B,B,A,C,A,24.16,1.65,49.84,3,3.59,2.73,0.11,0,0
325,B,A,A,B,B,B,B,A,26.9,1.81,119.84,2.35,3,2.73,0.69,0.19,3
326,B,B,A,B,B,B,C,C,25.19,1.81,85.64,1.45,3.99,2.15,0.05,1,5
327,B,B,A,B,B,A,B,A,18,1.85,66,2,3,1,1,1,1
328,A,B,B,B,B,A,C,A,23.04,1.6,42.99,2.75,2.81,2.35,1.61,0,0
329,A,A,A,B,B,B,B,A,21,1.75,88,2,3,3,3,0,6
330,A,A,A,B,B,B,C,C,38.1,1.7,78.16,3,3,2.17,0,0,6
331,A,A,A,B,B,C,B,A,21.54,1.61,68,1.89,3.73,2.68,1.12,0.49,5
332,A,A,A,B,B,B,B,A,25.78,1.66,110.22,3,3,1.53,0.02,0.44,4
333,A,A,A,B,B,B,B,A,25.2,1.69,104.57,3,3,1.15,0.32,1,4
334,B,A,A,B,B,B,B,A,25.88,1.77,114.13,2.23,3,2.15,1.27,0.39,3
335,A,A,A,B,B,B,B,A,21.2,1.74,78.88,2.51,1,2,2.12,0,5
336,B,A,A,B,B,B,B,A,26.73,1.82,119.62,2.25,3,2.72,0.76,0,3
337,B,A,A,B,B,D,C,A,23,1.67,85.5,2,3,2,0,1,2
338,B,A,A,B,B,B,C,A,21.38,1.72,80,2,3,2,2.72,1.27,6
339,B,A,A,B,B,B,B,A,23,1.65,67,2,3,2,1,1,1
340,A,A,A,B,B,C,B,A,21,1.62,68.98,1.14,3,2.2,0.83,0.57,5
341,A,A,A,B,B,D,C,A,18,1.57,48,3,1,1,1,0,1
342,A,A,A,B,B,B,B,A,26,1.64,111.72,3,3,2.63,0,0.14,4
343,A,A,B,B,B,B,B,C,35.48,1.65,73.92,3,2.73,1.62,0.9,0,5
344,B,A,A,B,B,B,B,A,19.63,1.82,85.3,2.99,3.48,2.36,2.06,0.6,5
345,B,A,A,B,B,B,B,A,25.06,1.76,113.07,1.41,3,2,1.59,0,3
346,A,A,A,B,B,B,B,A,21.85,1.76,137.8,3,3,2.18,1.98,0.84,4
347,A,A,A,B,B,B,B,C,32.59,1.72,72.75,2,3,1,0,1.34,5
348,A,B,B,B,B,B,B,A,19.67,1.68,49.11,2.72,3,2,1.86,1,0
349,B,A,A,B,B,B,B,A,21.65,1.7,75.06,2.09,3.55,2.08,1.99,0.67,5
350,A,A,B,B,B,B,C,A,25.11,1.51,63.72,2,1.19,1.85,0.55,0.24,6
351,B,A,A,B,B,B,B,A,21.86,1.87,115.63,2,2.36,2.52,0.98,1.16,2
352,B,A,A,B,B,B,B,C,35.32,1.78,102.27,2.79,1.11,3,2.71,0.57,2
353,B,A,A,B,B,B,B,A,20.83,1.79,105.66,2,3,1.16,0,0.53,2
354,A,A,A,B,B,B,B,C,37.46,1.51,63.18,2.05,1.05,2,0.15,0.23,5
355,A,A,A,B,B,B,B,C,30.61,1.65,69.17,2,3,1.13,0.06,0,5
356,A,A,A,B,B,B,B,C,40.95,1.54,80,2,1.11,1.37,1.63,0,2
357,A,B,B,B,A,A,B,A,19.67,1.6,44.81,3,2.97,1.15,0.88,0,0
358,B,A,A,B,B,B,B,A,21,1.71,75,2,3,1.33,1,0,5
359,B,A,A,B,B,B,B,C,31.34,1.67,89.74,2.27,1.05,1.36,1.48,0,2
360,B,A,A,B,B,D,B,A,21,1.79,105,2,3,1,0,0,2
361,B,A,A,B,B,B,C,A,22.93,1.75,95.29,2,3,2.53,2.89,1.29,2
362,A,B,A,B,B,B,A,C,18,1.56,55,2,3,1,0,0,1
363,A,B,B,B,B,B,B,A,25,1.61,61,2,3,1,2,1,1
364,B,A,A,B,B,B,C,C,30.2,1.76,112.29,2.32,3,2.15,0,1.11,3
365,A,B,A,B,A,A,B,C,21,1.55,57,2,4,2,2,0,1
366,B,A,A,B,B,B,B,A,18,1.72,51.15,1.81,3,1.27,0.52,1.67,0
367,B,A,A,B,B,B,B,C,21.02,1.75,79.11,3,1,2,2.57,0,5
368,B,A,A,B,B,B,B,A,21.38,1.72,82.28,2.09,1.87,2,2.08,0.88,6
369,A,A,A,A,B,B,B,A,21,1.63,66,3,1,3,0,0,1
370,A,A,A,B,B,B,C,C,37.5,1.65,80,2.03,3,1.52,0,1.52,6
371,B,B,A,B,B,B,C,A,21,1.72,75,2,3,1,1,0,5
372,A,B,A,B,A,A,A,A,18,1.45,53,2,3,2,1,2,5
373,A,A,A,B,B,B,B,A,22.98,1.72,132.94,3,3,2.09,1.27,0.59,4
374,B,A,A,B,B,B,C,A,18,1.79,108.2,2,2.48,2.97,1,0.43,2
375,B,A,A,B,B,B,C,A,21.35,1.71,95.03,2,2.97,2,0,1.33,2
376,B,A,A,B,B,B,C,A,22.94,1.7,93.64,2,3,1.75,0.46,0.34,2
377,A,A,A,B,B,B,B,A,25.9,1.67,104.59,3,3,1.57,0.21,0.88,4
378,A,A,A,B,B,B,B,A,24.28,1.65,113.77,3,3,2.75,0.32,0.52,4
379,A,B,A,B,A,B,B,A,19.73,1.51,61.1,2.78,3,1.7,0.94,0.88,5
380,A,A,A,B,B,B,B,A,25.77,1.63,108.11,3,3,2.32,0.05,0.41,4
381,B,A,A,B,B,A,C,A,21,1.7,65,2,3,1,1,1,1
382,A,A,A,B,B,B,B,A,25.97,1.6,105.03,3,3,1.92,0.03,0.55,4
383,B,A,A,B,B,B,B,D,17,1.8,97,2,3,3,1,1,6
384,A,A,A,B,B,A,C,A,21.31,1.72,50,2.92,3.7,1.15,0.99,0.09,0
385,B,A,A,B,B,B,B,A,23.34,1.71,82.09,2.72,2.6,2.91,1.6,0.18,6
386,A,A,B,A,B,A,B,C,19,1.63,76,3,3,3,2,1,6
387,A,A,B,B,A,A,A,A,21,1.75,78,2,3,2,0,2,5
388,A,A,A,B,B,B,B,A,23.69,1.64,113.91,3,3,2.5,0.19,0.65,4
389,B,B,A,B,B,A,B,A,18,1.7,50,1,3,1,2,1,0
390,A,B,B,B,A,D,C,C,23,1.7,56,3,4,3,3,0,1
391,A,B,A,B,B,B,B,A,21,1.55,58,2,1,1,1,0,1
392,B,A,A,B,B,B,C,A,21.72,1.71,98.7,2,2.98,2.21,2.7,2,2
393,A,A,B,B,B,D,C,A,21,1.54,47,3,3,1,2,0,1
394,B,A,A,B,B,B,B,C,31.66,1.85,98.91,2.4,2.62,2.54,1.03,0.61,6
395,B,B,A,B,B,C,B,A,21,1.62,70,2,1,3,1,0,5
396,B,B,A,B,B,D,A,A,25,1.87,66,3,3,2,2,0,1
397,B,A,A,B,B,B,B,A,23.81,1.77,116.16,1.66,3,2,0.98,0.69,3
398,B,A,A,B,B,B,B,C,31.76,1.75,119.21,2.15,3,2.13,0.39,0.35,3
399,A,A,A,B,B,A,C,A,22.04,1.71,51.97,2.88,3,1.03,2.21,1.37,0
400,A,A,A,B,B,B,B,A,26,1.62,109.96,3,3,2.68,0,0.48,4
401,A,B,A,B,B,B,B,A,21,1.55,50,2,3,2,0,0,1
402,B,A,B,B,B,B,A,C,39,1.78,96,2,3,3,1,0,2
403,B,A,A,B,B,B,C,C,33.07,1.71,83.01,2,1.04,2.01,2.81,0,6
404,A,A,A,B,B,B,B,A,26,1.62,110.4,3,3,2.7,0,0.41,4
405,B,A,A,B,B,B,B,C,30.48,1.8,121.09,2.33,3,2,0.8,0.18,3
406,A,A,A,B,B,D,B,D,18,1.6,56,2,1,2,1,0,1
407,B,A,A,B,B,B,B,A,24.07,1.71,85.74,2,2.99,2.75,0,0.8,6
408,B,A,B,B,B,B,B,A,19.7,1.7,78.79,1.65,3,2,1.73,1,6
409,A,B,A,B,B,B,B,A,19.74,1.7,49.98,1.2,3.53,1.13,2,1,0
410,B,A,A,B,A,A,B,C,26,1.9,80,2,3,1,1,0,1
411,B,A,A,B,B,B,B,A,27.56,1.91,128.83,2.21,3,1.81,1.95,0,3
412,A,A,A,B,B,D,B,C,41,1.54,80,2,3,1,0,0,2
413,A,A,B,B,B,A,C,A,20.52,1.73,49.82,2.89,3.91,1.11,1.55,0.56,0
414,B,A,A,B,B,B,B,C,27.39,1.76,112.32,1.92,3,2.01,0.18,0.51,3
415,B,A,A,B,B,B,B,A,18,1.74,50.95,1.89,3,1.96,0.52,1.15,0
416,A,B,B,B,B,A,B,A,19.63,1.66,49.04,2.75,3,2,1.07,1,0
417,A,A,A,B,B,A,C,A,22.42,1.7,50.17,2.67,3,2.45,1.32,1.99,0
418,A,A,A,B,B,B,C,C,47.28,1.64,81.98,2.04,1.42,1.83,0,0,2
419,A,B,B,B,A,A,B,A,19.95,1.6,45,3,3,2.49,1.23,0,0
420,B,A,A,B,B,D,B,A,21,1.8,73,1,3,2,3,1,1
421,A,B,A,B,A,B,C,A,18.6,1.61,42.66,2.9,2.63,2.84,1.95,1.25,0
422,B,A,A,B,B,B,C,C,17.07,1.9,59.9,2.84,3.34,2,2.51,0.56,0
423,A,B,A,B,B,A,B,A,18.02,1.7,50,1.08,3.52,1.02,0.65,1,0
424,B,A,A,B,B,B,B,A,19.69,1.84,89.5,2.15,3.72,2.7,2,0.23,5
425,A,A,A,B,B,B,C,A,18.11,1.6,82.41,2.32,3,1.11,0.69,0.3,2
426,A,B,A,B,B,A,C,A,22,1.68,52,3,3,2,0,1,0
427,A,A,A,B,B,B,B,A,26,1.64,111.83,3,3,2.55,0,0.2,4
428,A,A,A,B,B,B,B,A,21.84,1.75,136.52,3,3,1.61,1.96,0.86,4
429,A,A,A,B,B,B,B,A,18.27,1.71,93.35,1.71,3,1,0.9,1,2
430,A,A,A,B,B,B,B,C,40.82,1.55,77.75,2,3,1.41,0,0,2
431,A,A,A,B,B,B,C,A,19,1.78,80.09,1.08,1.21,2.57,3,0.82,5
432,A,B,A,B,A,B,B,A,19.62,1.57,61.62,2.91,2.7,1.62,0.54,0,5
433,A,A,A,B,B,B,B,C,39.29,1.57,80,2.03,1.05,1.94,1.98,0,2
434,B,A,A,B,B,B,B,A,19.74,1.82,86.52,2,3,2.18,0.34,0,5
435,B,A,A,B,B,B,C,D,27,1.85,75,2,1,2,1,0,1
436,B,A,A,B,B,B,B,A,18,1.71,51.31,1.3,3,1.76,0.06,1.67,0
437,B,A,A,B,B,B,B,C,27.93,1.81,119.48,2.91,3,2.5,0.95,0.79,3
438,B,A,B,B,B,A,C,A,22,1.7,66.4,2,3,2,0,0,1
439,B,A,A,B,B,B,C,C,17.76,1.85,59.88,2.97,3.97,2,2,0.38,0
440,B,A,A,B,B,A,D,D,21,1.7,65,2,1,2,1,2,1
441,B,A,A,B,B,B,C,C,39.59,1.72,86.46,2.33,1.31,1.95,0.6,0,6
442,A,A,A,B,B,B,C,A,22.91,1.7,80,2,3,2,0.97,1.54,6
443,A,A,B,B,B,B,B,A,23,1.66,60,2,3,2,3,0,1
444,B,A,A,B,B,B,B,A,17.97,1.75,85,2.77,3,2.85,1,0.43,6
445,B,A,A,B,B,B,B,A,26.2,1.89,121.07,2.42,3,2.9,1.24,0.56,3
446,B,A,A,B,B,B,B,C,23.37,1.85,87.08,2,1.1,1.33,1.26,1,5
447,A,A,A,B,B,B,B,D,21,1.61,54.5,3,3,3,0,1,1
448,A,A,A,B,B,B,B,A,25.57,1.64,104.99,3,3,1.2,0.09,0.6,4
449,B,A,A,B,B,B,B,C,30.02,1.76,112.01,1.87,3,2.02,0,0.61,3
450,A,A,A,B,B,B,C,C,38.38,1.68,77.22,2.44,3,1.03,0,0,6
451,B,A,A,B,B,B,B,A,24.18,1.87,121.68,2.95,2.66,2.1,0.87,0,3
452,B,A,A,B,B,B,C,A,19,1.82,87,2,3,2,0,0,5
453,B,A,A,A,B,B,B,C,33,1.85,99,2,3,3,1,0,6
454,B,B,A,B,B,B,C,C,26.7,1.82,86.96,2.34,1.58,2,2,0.55,5
455,B,A,A,B,B,B,B,C,29.71,1.76,113.22,2.18,3,2.09,0,1.44,3
456,A,A,A,B,B,B,B,A,22.48,1.61,82.47,1.56,1,2.37,0.29,2,2
457,B,A,A,B,B,B,C,C,19.56,1.77,56.31,2.36,4,2.36,2,0.94,0
458,A,A,A,B,B,B,B,A,26,1.62,104.95,3,3,2.58,0,0.4,4
459,B,A,A,B,B,B,C,A,22.13,1.72,98.58,2,2.98,2.26,2.82,2,2
460,A,A,A,B,B,B,C,C,38.38,1.7,78.64,3,3,2.5,0,0,6
461,B,A,B,B,B,B,B,A,23,1.65,60,2,3,2,0,0,1
462,B,B,A,B,B,B,C,C,28.39,1.81,87.29,3,3,1.21,2,0,5
463,A,A,B,B,B,B,B,C,33.7,1.64,74.8,3,1.15,1.07,0.68,0,5
464,A,A,A,B,B,B,C,C,35.43,1.66,80.14,2,3,1.99,0.04,1.53,6
465,A,B,A,B,B,B,B,A,18.29,1.71,50,1.14,3.47,1,2,1,0
466,B,A,A,B,B,B,B,A,20.31,1.85,85.23,2.15,3,2.1,1.17,0.83,5
467,A,B,A,B,A,B,C,A,19,1.56,42.1,3,1.89,2.46,1.6,1,0
468,B,B,A,B,B,B,C,A,19,1.78,64,2,3,1,1,0,1
469,B,A,A,B,B,B,C,C,27,1.83,71,2,3,2,3,2,1
470,A,A,A,B,B,A,C,A,21,1.62,69,1,3,2,0,1,5
471,B,A,A,B,B,B,C,C,37.28,1.75,83.28,2.75,1.06,2.27,0.89,0.67,6
472,B,A,A,B,B,B,B,A,23,1.79,90,2.07,3,1.08,0,1.92,6
473,B,A,B,B,B,B,A,C,41,1.75,110,2,1,1,1,0,3
474,A,A,A,B,B,B,B,A,25.99,1.62,105.31,3,3,1.04,0.1,0.43,4
475,A,A,A,B,B,B,B,C,39.21,1.59,80,2.02,1.24,1.93,1.97,0,2
476,A,B,B,B,A,A,B,A,19.01,1.56,44.19,2.72,3,1,1.07,0,0
477,A,A,A,B,B,B,B,A,25.95,1.62,109.98,3,3,2.22,0,0.48,4
478,B,A,A,B,B,B,B,A,25.43,1.84,118.38,1.84,3,2.5,1.23,0.08,3
479,A,B,B,B,B,A,C,A,22.72,1.6,44.58,2.6,1.11,1.49,0.35,0,0
480,A,A,A,B,B,B,C,A,20,1.65,75,3,1,2,1,1,6
481,A,A,A,B,B,B,B,A,26,1.63,104.88,3,3,2.57,0.16,0.42,4
482,B,A,A,B,B,B,B,A,22.74,1.72,75.95,2,3,2,0,2,5
483,A,A,A,B,B,B,C,C,45.82,1.69,80.41,2.08,3,1.03,0.65,0,6
484,B,B,A,B,B,B,B,A,16.5,1.69,50,2,1.63,2.98,0.55,0.37,0
485,B,A,A,B,B,B,C,A,20.68,1.78,102.95,2,3,1.62,0.57,0,2
486,A,A,A,B,B,B,B,C,37.61,1.52,77.03,2,2.88,1.62,0.12,0,2
487,B,A,B,B,B,A,C,D,21,1.75,50,3,4,1,1,0,0
488,B,A,A,B,B,B,B,A,22.28,1.95,116.89,2,3,3,0.98,1,2
489,B,A,A,B,B,B,B,A,26.01,1.78,106.45,3,3,1.91,1.91,1.03,2
490,A,B,A,B,B,A,B,A,18.09,1.72,50,1.05,4,1,2,1,0
491,B,A,A,B,B,B,C,A,21.33,1.72,80.01,2,2.78,2,2.54,1.21,6
492,A,A,A,B,B,B,B,C,31.26,1.69,71.93,2.62,3,1.77,0.76,0.69,5
493,A,A,A,B,B,B,C,A,23,1.67,83.15,2.93,1.46,2.78,0.35,1.71,2
494,A,A,A,B,B,B,C,A,18.17,1.65,82.32,2.86,3,1.88,0.63,0.19,2
495,B,A,A,B,B,B,B,A,21.72,1.85,122.12,3,2.01,1.29,0.15,0,3
496,B,A,A,A,B,B,B,A,23,1.75,120,2,3,2,2,1,3
497,B,B,A,B,B,B,B,A,18,1.75,51.46,2.82,3,1.77,1.25,1,0
498,A,A,A,B,B,A,C,A,32.38,1.64,46.66,3,3.11,2.72,1.44,0,0
499,B,B,A,B,A,C,B,A,24,1.75,84,3,3,2,1,0,6
500,A,A,A,B,B,B,B,A,21.31,1.69,133.76,3,3,1.34,1.93,0.89,4
501,B,B,A,B,B,B,B,A,18,1.7,78,1,3,2,0,1,6
502,A,A,A,B,B,A,C,A,21.02,1.67,49.87,3,3,2.59,2,1,0
503,B,A,A,B,B,B,A,C,36.73,1.79,100.62,2.03,2.99,2.85,2,0.36,2
504,A,A,A,B,B,B,B,C,37.44,1.52,76.2,2,2.99,1.6,1.34,0,2
505,A,A,A,B,B,B,B,A,18.86,1.75,128.71,3,3,2.41,0.99,0.68,4
506,A,B,B,B,B,B,B,D,24,1.77,76,2,3,3,1,1,1
507,A,A,A,B,B,B,B,C,38.4,1.55,80,2.67,1.14,1.4,1.65,0,2
508,B,A,A,B,B,B,B,A,22.2,1.77,105,2.69,3,2.65,1,0,2
509,B,A,A,B,B,B,C,A,18,1.84,109.2,2,1.55,2.19,1,1.68,2
510,A,A,A,B,B,B,B,C,33,1.67,74.81,2.95,1.2,1,0,0.17,5
511,B,A,A,B,B,A,B,C,18,1.76,70,2,4,2,2,1,1
512,B,A,A,B,B,B,C,A,25.45,1.66,104.55,2.86,1.34,1.53,0.17,1.26,3
513,B,B,B,B,B,B,C,A,22,1.75,70,2,3,3,1,1,1
514,A,A,A,B,B,B,B,A,26,1.63,111.95,3,3,2.74,0,0.08,4
515,B,A,A,B,B,A,B,A,18,1.7,55,2,3,2,0,0,1
516,A,B,B,B,B,D,C,A,22,1.6,55,3,4,3,2,0,1
517,A,A,A,B,B,A,C,A,23,1.6,83,3,3,3,3,0,2
518,A,B,A,B,B,A,B,A,19,1.6,60,2,3,2,0,1,1
519,B,A,A,B,B,B,B,C,28.42,1.83,107.11,2.47,2.94,2.48,1,1.67,2
520,B,A,B,B,B,B,C,A,18.18,1.66,79.86,2.49,2.27,1.99,1.45,0.86,6
521,A,B,B,B,A,B,C,A,19,1.63,58,3,3,2,0,0,1
522,B,B,A,B,B,A,A,C,38,1.7,78,3,3,2,0,0,6
523,A,A,A,B,B,B,B,A,21.01,1.75,127.9,3,3,1.71,0.39,1,4
524,B,A,A,B,B,B,B,A,18.7,1.7,81.38,2.65,1,1.71,1.88,0.94,6
525,B,A,B,B,B,C,B,A,23,1.8,60,2,3,3,0,1,1
526,A,A,B,B,B,B,B,C,36,1.58,60,3,3,1,2,0,1
527,A,B,B,B,B,B,C,D,16,1.66,58,2,1,1,0,1,1
528,B,B,A,B,B,C,B,A,21,1.62,68.87,1.21,3,2.41,0.95,0.48,5
529,A,A,A,B,B,B,B,A,25.13,1.67,112.56,3,3,2.87,0.12,0.03,4
530,A,A,A,B,B,B,B,A,20.32,1.77,138.14,3,3,2.82,1.57,0.69,4
531,A,A,A,B,B,B,B,C,40,1.57,62.21,2.25,3,2.76,1.02,0.21,5
532,B,B,A,B,B,C,B,A,21,1.62,70,2,1,3,1,0,5
533,B,A,A,B,B,B,C,C,40.37,1.72,109.35,2.28,3.77,1,1.33,0,3
534,A,A,A,B,B,B,B,C,37.83,1.61,80,2.04,1.82,1.93,1.85,0,2
535,A,A,A,B,B,B,B,A,21.52,1.8,160.64,3,3,2.4,0.43,0.64,4
536,B,A,A,B,B,B,C,A,20.91,1.64,101.07,2.8,1.34,1.13,0.23,0.82,3
537,B,A,A,B,B,B,B,A,18.04,1.7,51.69,2.82,3,2,0.53,1.1,0
538,A,B,A,B,B,A,C,A,33,1.59,60,3,1,2,0,0,1
539,A,A,B,B,B,A,C,C,35,1.53,45,3,3,1,0,1,1
540,B,A,A,B,B,B,B,A,26.02,1.83,105.44,3,3,2.22,1.78,1.59,2
541,B,A,A,B,B,B,B,A,22.71,1.84,122.02,3,2.53,1.65,1.03,0,3
542,A,A,B,B,B,B,C,A,20.71,1.57,69.74,2.42,3,1.94,1.42,1,6
543,B,A,A,B,B,B,C,A,24.01,1.62,100.94,2.87,1.83,1.02,0.24,0.97,3
544,A,B,A,B,B,B,B,A,18.83,1.7,50,1,3.24,1,2,1,0
545,B,A,A,B,B,B,B,C,31.39,1.81,105.25,2.4,2.04,2.66,1.06,1.77,2
546,B,A,A,B,B,B,B,A,23.88,1.71,83.95,2,2.66,1.81,0.81,1,6
547,B,B,A,B,B,D,B,A,20,1.8,75,3,4,3,2,0,1
548,B,A,A,B,B,B,B,A,24.44,1.87,121.83,2.72,2.66,2.38,1.3,0,3
549,B,B,A,A,B,A,A,C,23,1.74,93.5,2,3,1,1,1,2
550,A,A,A,B,B,B,C,A,21.01,1.65,88.13,2.46,1,3,1.36,1,2
551,B,A,A,B,B,B,C,C,46.49,1.72,88.6,2.13,3,1.57,0.87,0,6
552,A,A,A,B,B,B,B,A,19.03,1.66,77.27,2.06,2.81,3,0.36,0.79,6
553,B,A,A,B,B,D,B,A,21,1.85,125,3,1,1,0,0,3
554,A,B,A,B,B,B,B,C,19,1.67,64,3,3,2,2,1,1
555,B,A,A,B,B,B,B,A,25.51,1.77,114.1,2.19,3,2.09,1.36,0.86,3
556,A,A,A,B,B,B,C,C,33.95,1.68,77.43,3,2.05,2,1.64,0.11,6
557,A,A,A,B,B,B,B,A,21.33,1.73,131.53,3,3,1.3,1.74,0.94,4
558,B,A,A,B,B,B,B,A,21,1.68,70,3,3,3,0,2,1
559,A,A,A,B,B,B,B,A,18.74,1.8,138.03,3,3,2.69,1.17,0.74,4
560,A,A,A,B,B,B,B,C,38.68,1.5,76.64,2,3,1,0,0,2
561,A,A,B,B,B,B,C,A,19.91,1.53,68.85,2.26,3.53,1.17,0.68,1,6
562,B,A,A,B,B,A,C,D,18,1.78,64.4,3,3,2,3,2,1
563,B,A,A,B,B,B,B,C,29.88,1.76,108.72,3,3,1.27,1.94,0,2
564,B,A,A,B,B,B,B,C,34.1,1.84,91.8,2,3,1.26,0.94,1,6
565,B,A,A,B,B,B,C,C,17.7,1.88,60,3,3.63,2,2.01,0.46,0
566,B,A,A,B,B,B,C,A,30.69,1.64,100,2.96,2.12,1,1.7,0.62,3
567,B,A,B,B,B,B,B,A,17.89,1.73,84.06,2.02,2.84,2.83,1,0.61,6
568,B,A,A,B,B,B,B,A,25.48,1.86,117.57,2.03,3,2.53,1.31,0.07,3
569,B,B,B,B,B,B,B,C,19,1.88,79,2,3,3,3,0,1
570,B,A,A,B,B,B,C,A,20.58,1.8,103.71,2,3,2.4,2.89,0,2
571,A,A,A,B,B,D,C,C,20,1.63,64,1,3,2,0,2,1
572,A,A,A,B,B,B,C,A,18.24,1.62,69.39,2.22,1,2.2,0.1,1.9,5
573,B,A,A,B,B,B,C,A,22.59,1.65,80,2,3,2,0.45,2,6
574,B,A,A,B,B,D,A,A,23,1.8,90,1,3,2,0,2,6
575,A,A,A,B,B,B,B,A,21.01,1.76,78.37,3,1,2,2.97,0,5
576,A,A,B,B,B,B,C,A,18.74,1.56,71.79,3,3.13,2,1.63,1,6
577,A,A,A,B,B,B,B,A,20.6,1.74,128.11,3,3,1.8,1.43,0.97,4
578,A,A,A,B,B,B,C,A,33,1.63,62,2,3,2,1,1,1
579,A,A,A,B,B,B,B,C,38.69,1.55,62.34,2.96,2.97,2.87,0,0.55,5
580,A,A,A,B,B,B,B,A,20.98,1.72,132.05,3,3,1.68,1.68,0.82,4
581,B,B,B,B,B,B,B,C,33,1.76,66.5,2,3,2,3,1,1
582,B,A,A,B,B,B,C,A,18.72,1.78,80.11,1.69,2.76,2.08,2.93,0.68,5
583,A,B,A,B,B,B,B,A,16.83,1.74,50,2.19,3.42,1.36,1.35,0.98,0
584,A,B,A,B,B,B,B,A,16.91,1.75,49.93,2.49,3.57,1.49,1.95,0.96,0
585,B,A,A,B,B,B,C,A,21.67,1.75,96.94,2,3,2.77,2.36,1.21,2
586,B,A,A,B,B,B,B,C,33,1.72,83,2,1,2,3,0,6
587,B,A,A,B,B,B,C,A,21.21,1.7,80,2,3,2,2.85,1.41,6
588,B,A,B,B,B,B,B,D,19,1.74,74,3,1,3,3,1,1
589,A,A,A,B,B,B,B,C,38.54,1.52,79.84,2,3,1.1,0,0,2
590,A,B,A,B,B,B,B,D,17,1.6,53,1,3,1,2,2,1
591,B,A,A,B,B,B,C,C,17.49,1.84,58.94,2.77,3.82,2,2,0.56,0
592,B,B,A,B,A,B,C,C,34,1.84,88,3,3,1,2,0,5
593,B,B,A,B,B,B,B,A,16.31,1.75,50,2.31,3.56,1.79,1.93,0.83,0
594,B,A,A,B,B,B,C,A,21.05,1.69,99.53,2,1.67,2,0,1.95,2
595,B,A,A,B,B,B,C,C,17.12,1.81,58.97,2.52,4,2,2,0.04,0
596,A,A,A,B,B,B,C,A,21,1.65,88,3,1,3,2,1,2
597,A,A,A,B,B,B,B,A,18,1.63,63,1,3,2,2,2,1
598,A,A,B,B,B,B,C,A,18.2,1.54,71.8,3,3.09,2,1.4,1,6
599,A,A,A,B,B,B,B,A,26,1.61,107.01,3,3,2.68,0,0.51,4
600,B,A,A,B,B,B,B,C,26.27,1.66,90,2,3,3,0.67,0.51,2
601,B,A,A,A,B,B,B,A,30.68,1.92,129.97,2.11,3,1.01,0.99,0.05,3
602,A,B,A,B,B,B,B,A,16.61,1.78,44.76,2.91,3.1,2.2,2.33,1.55,0
603,A,A,A,B,B,B,B,A,18,1.64,59,2,3,1,1,1,1
604,A,A,B,B,B,B,C,A,20.82,1.55,67.47,2.3,3,1.16,1.93,1.12,6
605,A,B,B,B,B,B,C,C,40,1.68,80,3,3,3,0,0,6
606,B,A,A,B,B,B,B,C,28.4,1.79,112.17,1.88,3,2.02,0,0.33,3
607,B,A,A,B,B,B,C,A,37.19,1.7,107.95,2.55,3.99,1,1.98,0,3
608,B,A,A,B,B,B,C,A,22.72,1.65,89.14,2.1,2.96,3,0.63,1,2
609,A,A,B,B,B,B,C,A,23.47,1.51,64.81,2.25,3.99,2,0.93,0.89,6
610,B,A,A,B,B,B,B,C,33.17,1.75,118.3,2.22,3,2.1,0.77,0.26,3
611,B,A,A,B,B,B,B,A,25.93,1.77,105,3,3,2.05,1.73,1.62,2
612,A,B,B,B,B,A,B,A,19,1.53,42,2.84,1.27,1.7,0.26,0.64,0
613,B,A,A,B,B,B,B,A,22.83,1.71,75.14,2.79,3,2.53,0.93,2,5
614,B,A,A,B,B,B,B,A,19,1.7,60,2,1,2,2,0,1
615,B,A,A,B,B,B,B,A,19.79,1.82,85,3,3,2.76,1.76,0.45,5
616,A,A,A,B,B,B,B,A,26,1.64,111.68,3,3,2.63,0,0.24,4
617,A,B,B,B,B,A,C,A,23.02,1.58,44.38,2.2,2.13,2.12,1,0,0
618,B,A,A,B,B,B,B,C,29.68,1.68,89.99,2.1,2.38,2.22,1.52,0,2
619,B,A,B,B,B,B,B,D,25,1.83,121,3,3,3,2,0,3
620,A,A,A,B,B,B,C,A,17,1.53,55,2,3,1,0,1,1
621,A,A,A,B,B,B,B,A,25.52,1.67,104.77,3,3,1.44,0.17,0.76,4
622,B,A,A,B,B,B,B,A,25.02,1.79,115.38,1.74,3,2.04,1.39,0.39,3
623,B,A,A,B,B,B,B,A,23,1.77,90,2.12,3,1,0,1.07,6
624,B,A,A,B,B,B,B,C,29.88,1.78,112.44,2.07,3,2.08,0,0.68,3
625,A,B,B,B,B,B,B,A,19.76,1.67,49.13,2.88,3.28,1.96,1.51,1,0
626,B,B,A,B,B,A,B,A,23,1.7,69,3,1,1,2,1,1
627,A,A,A,B,B,B,B,A,18.21,1.81,141.8,3,3,2.47,2,0.84,4
628,B,A,B,B,B,B,B,A,19.16,1.66,77.47,2.01,1.4,3,0.11,0.33,6
629,B,B,B,B,B,B,B,A,22,1.78,89.8,2,1,2,0,0,6
630,A,A,A,B,B,B,A,C,29,1.7,78,3,3,1,2,1,6
631,B,A,A,B,B,B,C,C,34.99,1.75,84.78,2.63,2.98,2.78,2.67,0.91,6
632,B,A,A,B,B,B,C,A,25.51,1.66,104.32,2.75,1.21,1.45,0.13,1.24,3
633,B,A,A,B,B,C,B,A,21.03,1.61,67.72,2,3.69,3,1.23,0.34,5
634,A,A,A,B,B,B,B,A,25.94,1.6,102.32,3,3,1,0.01,0.57,4
635,A,A,A,B,A,A,B,A,21,1.72,80,2,3,2,2,1,6
636,A,A,A,B,B,B,A,C,28.83,1.7,78,3,3,1.7,1.73,1,6
637,B,B,A,B,B,C,B,A,21,1.62,70,2,1,3,1,0,5
638,B,A,A,B,B,B,A,A,18,1.77,87,3,3,2,1,1,6
639,B,A,A,B,B,B,C,A,24.04,1.6,99.61,3,1.26,1,0.88,1.38,3
640,B,A,A,B,B,B,B,A,21.93,1.7,75,2,3,2.76,1.5,0.13,5
641,B,A,A,A,B,A,A,A,26,1.91,84,3,3,2,2,2,1
642,B,B,A,B,B,B,B,A,18,1.79,51.52,2.92,3,1.78,1.08,1,0
643,B,B,A,B,B,C,B,A,21,1.62,70,2,1,3,1,0,5
644,A,B,A,B,B,B,B,A,25,1.57,55,2,1,2,2,0,1
645,A,A,A,B,B,B,C,D,17,1.65,67,3,1,2,1,1,1
646,A,A,A,B,B,B,B,A,21.94,1.61,67.94,1.91,3.99,2.6,1.92,1.38,5
647,A,A,B,B,B,A,B,D,23,1.6,63,3,3,2,3,0,1
648,B,A,A,B,B,B,B,A,17.97,1.72,85,2,3,2.8,1,0.42,6
649,A,B,A,B,B,B,B,A,27,1.55,62,3,1,1,1,0,5
650,B,A,A,B,B,A,C,A,21.81,1.71,51.6,3,3.16,1.25,0.54,0.26,0
651,A,A,A,B,B,B,C,C,42.19,1.65,79.17,2,3,1,0,1.48,6
652,B,A,A,B,B,B,C,C,19.73,1.79,58.2,2.51,3.44,2.08,2.03,1.44,0
653,A,B,A,B,B,A,B,C,23,1.6,52,2,4,2,2,1,1
654,B,A,A,B,B,B,B,A,26.03,1.82,105.13,3,3,2.11,1.89,1.58,2
655,B,A,A,B,B,B,C,C,24.47,1.65,91.2,1.49,3,1.01,0.92,0.73,2
656,A,B,A,B,A,B,B,A,17,1.6,65,3,1,2,1,2,5
657,A,A,A,B,B,B,B,A,22.68,1.62,82.28,1.97,1,2.55,0.25,1.52,2
658,A,A,A,B,B,B,B,A,26,1.64,111.56,3,3,2.63,0,0.18,4
659,B,B,A,B,B,C,B,A,21,1.61,69.46,2,1.26,3,1,0,5
660,A,A,A,B,B,B,C,A,23.78,1.55,78,2,1,2,0.83,0,2
661,B,A,A,B,B,B,B,C,34.82,1.81,90.14,2,1.81,2.17,0.34,0.02,6
662,B,A,A,B,B,B,A,C,27,1.64,78,2,1,2,0,0,6
663,B,A,A,B,B,A,B,C,41,1.8,92,2,1,3,1,0,6
664,A,B,A,B,B,A,B,A,19.41,1.52,42,3,1,1.85,0,0.74,0
665,B,A,A,B,B,B,B,C,34.29,1.84,96.02,2,1.55,3,1,0,6
666,A,A,A,B,B,B,B,A,25.31,1.69,113.45,3,3,2.99,0.39,0.28,4
667,B,A,A,B,B,A,B,A,21,1.82,72,1,3,3,2,0,1
668,B,B,A,B,B,B,C,C,33.1,1.84,87.86,2.81,2.61,1.86,2,0.52,5
669,A,B,B,B,B,A,B,A,19.95,1.53,42,2.73,1.26,1,1.37,0,0
670,A,A,A,B,B,B,B,A,22,1.69,65,2,3,2,1,1,1
671,B,A,B,A,B,B,A,C,56,1.79,90,2,3,2,1,0,6
672,A,A,A,B,B,B,C,A,22.88,1.62,82,1.83,1,2,0,0.46,2
673,B,A,A,B,B,B,C,A,30.64,1.65,102.58,2.92,2.14,1.18,0.96,0.64,3
674,B,A,A,B,B,B,B,A,25.76,1.77,115.46,2.2,3,2.16,1.29,1.22,3
675,B,B,A,B,B,B,B,A,18,1.78,50.87,2.05,3,2,0.52,1,0
676,B,A,A,B,B,B,C,A,24.08,1.73,97.91,2,3,2.84,1.31,1.34,2
677,A,A,A,B,B,B,C,A,22.88,1.67,86,2.29,2.59,2.51,0.31,1,2
678,B,A,A,B,B,B,B,C,38.83,1.78,85.69,2.9,1.12,2.76,0.86,1,6
679,A,A,A,B,B,B,B,C,39.13,1.56,76.66,2,3,1.44,0,0,2
680,A,A,A,B,B,B,B,A,18.31,1.75,133.55,3,3,2.92,1.54,0.63,4
681,B,A,A,B,B,B,C,A,23.89,1.66,90,2,3,3,0.6,0.97,2
682,B,A,B,B,B,B,C,A,23,1.65,58.5,2,3,2,0,0,1
683,A,A,A,B,B,B,B,A,20.9,1.71,75,2.1,3,1.87,1,0,5
684,B,A,A,B,B,B,B,C,38.11,1.77,118.13,2.24,2.91,1.9,0.82,0,3
685,A,A,A,B,B,B,B,C,38.95,1.57,62.86,2,3,2.53,0.27,0.81,5
686,B,A,A,B,B,B,B,A,19.97,1.82,85.08,3,3.1,2.57,2.72,0.33,5
687,B,A,A,B,B,B,B,A,18.13,1.7,52.09,2.85,3,2,0.68,1.26,0
688,B,A,A,B,B,B,C,C,17.47,1.8,59.61,2.34,4,2,2,0.13,0
689,B,A,A,B,B,B,B,A,18,1.7,50.16,1.76,3,1.15,0.83,1.62,0
690,B,A,B,B,B,B,C,E,19,1.78,81,1,3,2,3,0,5
691,A,B,A,B,B,B,B,A,18.02,1.7,50.09,1.6,3.43,1.06,0.82,1.03,0
692,B,A,A,B,B,B,B,A,22.19,1.78,89.84,1.98,1.6,2,0.17,0.82,6
693,A,A,A,B,B,B,B,A,20.44,1.81,153.15,3,3,2.39,0.85,0.66,4
694,B,A,A,A,B,B,B,A,31.35,1.82,126.46,2.94,3,1.48,0.95,1.36,3
695,A,B,A,B,B,B,C,A,20,1.68,68,3,1,1,1,0,1
696,A,A,A,B,B,B,C,A,16.91,1.63,85.8,2.06,3,1.23,2.39,1.26,2
697,B,A,A,B,B,B,C,A,18.05,1.72,99.43,2,3,2,1.58,0.84,2
698,A,A,A,B,B,B,B,A,22.85,1.76,133.37,3,3,2.85,1.21,0.77,4
699,B,A,A,B,B,A,B,A,21,1.67,60,2,3,2,2,1,1
700,B,A,A,B,B,B,B,A,22.34,1.79,105.06,2.25,3,2.52,0.58,0.18,2
701,B,B,A,B,B,B,B,A,18,1.7,90,3,3,2,2,0,2
702,A,A,B,B,B,B,C,A,25.48,1.57,64.85,2,1,1,0.74,0,6
703,B,B,A,B,B,B,B,A,20,1.6,56,2,3,2,1,0,1
704,A,B,A,B,B,B,B,A,17,1.58,44.41,2.74,3,2.31,2.24,1.59,0
705,B,A,A,B,B,B,C,C,40.97,1.75,109.91,2.18,2.99,1.02,0.94,0,3
706,B,A,A,B,A,B,B,A,19,1.75,76,3,3,2,3,1,1
707,A,A,A,B,B,B,C,C,42.59,1.57,81.92,2.52,1.33,1.87,1.05,0,2
708,A,A,A,B,B,B,B,A,25.91,1.64,102.28,3,3,1.03,0.08,1,4
709,A,A,A,B,B,B,B,A,26,1.57,102,3,3,1,0,1,4
710,A,A,B,B,B,B,C,A,30.71,1.54,65.91,2.03,2.95,1.98,0.99,0.33,6
711,A,A,A,B,B,B,B,A,20.8,1.72,131.04,3,3,1.84,1.53,0.93,4
712,A,B,B,B,B,D,C,D,26,1.65,60,3,4,2,2,0,1
713,A,A,A,B,B,B,B,A,26,1.64,111.04,3,3,2.71,0,0.23,4
714,A,A,A,B,B,B,B,A,18.11,1.83,152.72,3,3,2.15,2,0.96,4
715,B,A,B,B,B,B,B,A,19.57,1.71,78.03,1.94,2.84,2.16,1.48,0.65,6
716,B,A,B,B,B,B,B,A,19.15,1.7,78,1.1,2.49,2.45,0,0.73,6
717,B,A,A,B,B,B,B,A,29.7,1.84,93.8,2.13,2.9,1.75,1.73,1,6
718,A,A,A,B,B,B,C,A,18,1.65,84.9,2,3,1.04,1,0,2
719,B,A,A,B,B,B,B,A,24.92,1.8,120.99,2.48,3,2.95,1.87,0.1,3
720,A,A,A,B,B,B,A,C,28.98,1.7,78,3,3,1.51,1.82,1,6
721,A,B,A,B,B,B,B,A,18.99,1.54,41.54,2.69,1,1.31,0,1.06,0
722,A,A,A,B,B,B,C,A,22.99,1.65,80,2,3,2,0.15,2,6
723,A,B,A,B,B,A,B,A,19.87,1.52,42,3,1,1.53,0,0.86,0
724,B,B,B,B,A,A,C,A,20,1.78,68,2,1,3,2,1,1
725,A,A,A,B,B,B,B,C,41.4,1.57,81.06,2.15,2.98,1.51,0,0,2
726,A,A,A,B,B,B,C,A,22.98,1.7,80.47,2,2.82,1.62,0.46,1.46,6
727,A,B,A,B,B,B,B,A,18,1.57,50,2,3,1,0,1,1
728,B,A,A,B,B,B,B,A,18,1.82,108.4,2,2.16,2.09,1,0.68,2
729,A,A,A,B,B,A,B,A,22.67,1.72,75.95,2,3,2,0,2,5
730,A,A,A,B,B,B,C,A,22,1.58,58,2,1,1,0,0,1
731,B,A,A,B,B,B,C,A,30.3,1.7,103.03,2.75,2.18,1.54,0.36,1.07,3
732,B,A,A,B,B,B,B,C,31.97,1.84,98.26,2.33,1.82,2.56,1.33,0.48,6
733,B,A,A,B,B,B,B,A,23.56,1.72,75.37,2,3,2,0.12,1.97,5
734,A,A,A,B,B,B,B,C,37.47,1.55,76.08,2,2.77,1.55,1.35,0,2
735,A,A,A,B,B,B,B,C,32.5,1.68,74.96,2.29,1.56,1,0,0.39,5
736,A,A,A,B,B,B,B,B,23,1.5,55,3,3,2,1,0,1
737,B,A,A,B,B,A,B,A,25,1.7,83,2,3,2,0,1,6
738,B,A,A,B,B,B,B,A,27.56,1.8,119.05,2.74,3,2.48,0.68,0.68,3
739,B,A,A,B,B,B,B,C,25.99,1.75,108,3,3,1.78,1.76,0,2
740,B,A,A,B,B,B,B,D,23,1.72,66,2,3,2,0,1,1
741,B,A,A,B,B,B,B,A,25.49,1.77,114.16,2.16,3,2.12,1.33,0.05,3
742,A,A,A,B,B,A,B,A,18,1.56,51,2,4,2,1,0,1
743,A,A,A,B,A,B,B,A,17.78,1.6,65,3,2.97,2,0.18,0.17,5
744,A,A,A,B,B,B,B,C,36.77,1.55,62.34,2.39,3,2.95,0,0.37,5
745,B,B,A,B,B,A,C,A,25,1.7,68,2,3,2,0,1,1
746,B,A,A,B,B,B,C,C,24.48,1.66,90.74,1.71,3,1.16,0.46,0.89,2
747,A,A,A,B,B,B,B,A,25.9,1.68,104.95,3,3,1.67,0.21,0.73,4
748,A,A,A,B,B,B,C,A,18,1.67,86.24,2.61,3,1.96,1.19,0,2
749,B,A,A,B,B,B,C,A,21.18,1.72,80.56,2,2.47,2,2,1,6
750,A,A,A,B,B,B,B,A,21.98,1.75,133.74,3,3,2.01,1.34,0.6,4
751,A,A,A,B,A,B,C,A,17.99,1.62,67.19,1.95,1,1.33,0.73,1.89,5
752,A,B,B,B,B,A,B,A,23,1.75,56,3,3,2,2,0,0
753,B,A,B,B,B,B,B,A,18,1.75,86.96,3,3,2,1.27,0.16,6
754,A,A,A,B,B,B,B,A,26,1.63,111.16,3,3,2.64,0,0.22,4
755,A,B,A,B,B,B,B,A,17.08,1.64,43.37,2.82,3,2.91,2.6,1.38,0
756,A,A,A,B,B,B,B,A,20.21,1.74,93.89,2,3,1.03,0.58,0.52,2
757,A,A,B,B,B,B,C,A,20.84,1.52,67.08,2.49,3,1.85,0.95,1.44,6
758,A,A,A,B,B,B,B,A,18,1.68,90.92,2.39,3,1.78,0.74,0.92,2
759,A,A,A,B,B,B,B,A,25.99,1.67,112.25,3,3,2.93,0.04,0.14,4
760,B,A,A,B,B,B,C,A,24,1.61,100.62,2.88,1.31,1,0.18,1.43,3
761,A,A,A,B,B,B,B,A,22,1.73,79,2.28,1,2,1.06,0,5
762,B,A,A,B,B,B,B,A,21.18,1.77,89.28,2.01,1.32,2,0.54,0.97,6
763,A,A,A,B,B,A,C,A,22.64,1.7,51.61,2.56,3,1.99,0.49,1.56,0
764,B,B,A,B,B,B,C,C,25.79,1.82,87.03,2.29,1.71,1.8,1.66,0.93,5
765,A,A,A,B,B,B,B,A,26,1.64,111.95,3,3,2.74,0,0.06,4
766,A,A,A,B,B,A,B,A,23,1.68,67,2,3,1,0,0,1
767,B,A,A,B,B,B,B,C,22.4,1.87,61.41,3,3.26,2.23,1.56,0,0
768,B,B,A,B,B,D,B,A,17,1.7,55,3,3,2,3,1,1
769,B,A,A,B,B,B,C,A,18.88,1.8,104.41,2,3,3,2.24,0,2
770,A,A,A,B,B,B,B,A,24,1.6,100.5,3,1,1,0,2,3
771,B,A,A,B,B,B,B,A,30.08,1.81,92.86,2,3,1.62,0.03,0.11,6
772,A,A,A,B,B,A,C,A,22.87,1.66,50.42,3,3.64,2,0.12,0.07,0
773,A,A,A,B,B,B,B,A,22,1.69,65,2,3,2,1,1,1
774,A,A,A,A,B,D,B,C,38,1.5,60,2,1,2,0,0,5
775,B,A,A,B,B,B,B,A,25.34,1.79,115.03,2,3,2.11,1.45,0.85,3
776,A,A,A,B,B,B,B,A,21.67,1.72,132.26,3,3,1.78,1.58,0.93,4
777,B,A,A,B,B,B,A,C,38.75,1.78,103.59,2.85,1.93,2.64,3,1,2
778,B,A,A,B,B,B,B,C,38.64,1.77,117.79,2.23,2.92,1.83,0.76,0,3
779,A,B,A,B,B,B,B,A,19.32,1.73,49.65,2.92,3.58,1.95,1.94,1,0
780,A,B,A,B,B,B,B,A,18.28,1.7,50,1.04,3.21,1.75,0.12,1,0
781,B,A,A,B,A,D,B,A,17,1.62,69,3,1,2,1,2,5
782,B,A,A,B,B,B,B,C,35.22,1.82,91.63,2,2.99,1.29,0.88,0.85,6
783,A,A,A,B,B,B,C,A,23.73,1.66,80,2,3,2.14,0,0.12,6
784,A,A,A,B,B,B,C,A,18,1.69,89.94,2.82,3,1.99,1.49,0,2
785,A,A,A,B,B,B,B,A,25.91,1.61,102.31,3,3,1.03,0.07,0.99,4
786,A,B,A,B,A,B,B,A,17.42,1.49,53.62,1.84,1.87,2,0.32,1.97,5
787,A,A,A,B,B,B,B,A,21.7,1.76,133.87,3,3,1.96,1.43,0.91,4
788,B,A,B,B,B,B,B,A,18,1.75,85,2,3,3,1,0,6
789,B,A,A,B,B,B,B,A,20.99,1.78,104.97,2,3,1.23,0.01,0,2
790,A,B,B,B,B,B,B,A,23,1.65,59,3,1,2,1,2,1
791,A,A,A,B,B,B,B,A,21,1.67,75,2,3,2,1,0,5
792,A,A,A,B,B,B,B,A,25.8,1.67,104.59,3,3,1.55,0.21,0.82,4
793,A,A,A,B,B,B,B,C,32,1.57,57,3,3,2,0,0,1
794,B,B,A,B,B,D,B,A,26,1.7,72,2,3,2,0,0,1
795,B,A,A,B,B,B,B,A,25.06,1.83,121,3,3,3,1.69,0.26,3
796,B,A,A,B,B,B,B,A,27.27,1.83,120.87,2.64,3,2.97,1.16,0.76,3
797,B,B,A,B,B,C,B,A,21.13,1.64,70,2,1,2.12,0.77,0,5
798,B,A,A,B,B,A,C,C,22,1.74,75,3,3,1,1,0,1
799,A,A,B,B,B,B,C,A,20.67,1.51,64.85,2.29,3.21,2,1.1,1.26,6
800,A,A,A,B,B,B,B,A,25.99,1.64,105.04,3,3,2.31,0.07,0.73,4
801,B,A,A,B,B,B,B,A,24.75,1.74,83.34,2.61,3,2,0.45,0.63,6
802,B,A,A,B,B,B,C,A,22.82,1.73,98.44,2,2.99,2.33,2.24,1.53,2
803,B,A,A,B,B,B,B,C,23,1.88,64.11,3,3,2.84,1.49,0.01,0
804,B,A,A,B,B,B,B,A,21.96,1.7,75.58,2.2,3.62,1.82,0.99,0,5
805,B,A,A,B,B,B,B,A,25,1.78,78,2,1,2,2,1,1
806,A,A,B,A,B,B,B,A,23,1.63,83,3,1,3,1,2,2
807,B,A,A,B,B,B,B,A,25.14,1.77,112.23,1.44,3,2,1.39,0,3
808,B,A,A,A,B,B,B,A,30.9,1.91,129.01,2.22,3,1.59,1.39,0.92,3
809,A,B,A,B,B,B,B,C,38.94,1.74,86.93,2.84,3.06,1.13,2.83,0.04,5
810,A,A,B,B,B,B,B,C,34,1.68,77,3,1,2,1,0,6
811,B,A,A,B,B,B,C,A,17.67,1.74,97.19,2,3,2,0,0.23,2
812,B,A,A,B,B,B,C,A,23,1.67,80.94,2,2.4,1.4,0.79,1.54,6
813,B,A,A,B,B,B,A,C,36.68,1.78,98.79,2.54,1.12,2.93,2.79,0.73,2
814,B,A,A,B,B,B,C,A,20.59,1.78,102.91,2,3,1.69,1.46,0,2
815,A,B,A,B,A,B,B,A,18.95,1.52,60.27,2.84,2.74,1.14,0.75,1.29,5
816,B,B,A,B,B,B,C,E,22,1.6,66,3,3,2,3,0,5
817,B,A,A,B,B,B,B,A,27.35,1.84,97.59,2.92,1.34,1.94,1.93,1,6
818,B,A,A,B,B,B,C,A,20.01,1.65,106.51,2.87,1.47,1.66,0,1.44,3
819,B,A,A,B,B,B,B,D,33,1.85,93,2,3,1,1,1,6
820,B,A,B,B,B,B,C,A,19.67,1.7,78,1.93,2.36,2.77,0,0.13,6
821,B,A,A,B,B,B,B,C,30.49,1.76,119.12,2.62,3,2.19,1.08,1.09,3
822,A,A,A,B,B,B,B,C,38.1,1.6,80,2.02,1.17,1.97,1.9,0,2
823,B,A,A,B,B,B,B,C,31.54,1.83,91.5,2,2.7,2.04,0.6,0.02,6
824,A,A,A,B,B,B,C,C,43.59,1.6,77.35,2,3,2.12,0,0,2
825,A,A,A,B,B,B,B,C,30,1.62,59,3,3,2,2,0,1
826,B,A,A,B,B,B,B,A,22.28,1.87,89.25,2,2.8,1.08,0.44,1,5
827,B,A,A,B,B,B,B,C,30.36,1.76,111.64,1.26,3.22,1.98,0.48,0,3
828,A,A,B,B,B,B,B,A,23,1.65,70,2,1,2,0,0,5
829,B,A,A,B,B,B,B,A,25.3,1.83,121,3,3,3,1.11,0.4,3
830,A,A,A,B,A,B,B,A,17.45,1.6,65,3,2.45,2,0.48,1.72,5
831,B,A,B,B,B,B,C,A,17.57,1.7,83.2,2.1,2.55,1.54,1,0.76,6
832,A,B,A,B,B,B,B,A,18.66,1.57,41.22,1.65,1.51,1.55,0.23,1.97,0
833,A,A,A,B,B,B,B,A,19.26,1.74,132.58,3,3,2.44,1.46,0.87,4
834,A,A,A,B,B,B,B,A,25.97,1.63,108.09,3,3,1.76,0.09,0.47,4
835,B,B,A,B,B,B,C,C,26.79,1.82,87.11,2.97,2.74,1.39,2,0.47,5
836,A,A,A,B,B,B,C,A,21,1.66,64,1,3,1,0,0,1
837,B,B,A,B,B,A,B,A,18,1.73,70,3,3,1,2,1,1
838,B,A,A,B,B,B,B,A,23.83,1.78,120.92,2.59,2.96,2.31,1.49,0.28,3
839,B,A,A,B,B,B,B,C,26.96,1.78,112.96,2.26,3,2.09,0,1.84,3
840,A,A,A,B,B,B,C,A,22.83,1.62,82.58,2.66,1.42,2.38,0.26,0.6,2
841,A,B,A,B,B,B,B,A,20,1.57,60,3,3,3,0,1,1
842,A,A,A,B,B,B,B,A,20.38,1.79,151.98,3,3,2.3,0.83,0.91,4
843,A,B,A,B,B,A,B,A,20.23,1.55,44.64,3,2.86,1,0.75,0,0
844,A,A,A,B,B,B,C,A,18.84,1.62,69.98,2.25,2.75,2.33,0.82,0.02,5
845,A,B,A,B,B,B,B,A,23.25,1.59,65.13,2.29,2.96,2.66,1.91,1.62,5
846,A,A,A,B,B,B,B,A,26,1.6,104.9,3,3,2.61,0,0.55,4
847,A,A,A,B,B,B,B,A,25.91,1.61,103.03,3,3,1.08,0.16,0.82,4
848,A,A,A,B,B,B,B,C,31.17,1.68,71.81,2.05,3,1.31,0.17,0.28,5
849,A,A,A,B,B,B,B,A,21.9,1.84,165.06,3,3,2.41,0.1,0.48,4
850,A,A,A,B,B,B,B,A,25.92,1.61,102.17,3,3,1.03,0.05,0.92,4
851,B,A,A,B,B,B,C,A,23,1.65,94.79,2,3,1.49,0.65,1,2
852,A,A,A,B,B,B,A,C,26.21,1.7,78.04,2.78,3,2.17,0.86,0.84,6
853,A,A,A,B,B,B,B,C,37.63,1.51,75.41,2,2.58,1.54,1.88,0,2
854,A,A,A,B,A,A,C,A,18,1.64,56,3,3,1,1,1,1
855,A,A,A,B,B,B,B,A,19.53,1.82,142.56,3,3,2.56,1.98,0.74,4
856,B,A,A,B,B,A,B,A,20,1.72,70,3,3,1,0,0,1
857,B,B,A,B,B,B,B,A,19.08,1.62,69.53,2.28,1,2.63,1,1.29,5
858,A,A,A,B,B,B,B,A,26,1.64,104.81,3,3,2.65,0.07,0.63,4
859,B,A,A,B,B,B,B,A,24.11,1.7,80.76,2,3,2.88,0,0.32,6
860,A,A,A,B,B,B,C,A,18.91,1.65,82.02,3,3,1,0.22,1.2,2
861,A,A,A,B,B,B,B,A,26,1.63,111.93,3,3,2.68,0,0.15,4
862,B,A,A,B,B,B,B,A,19.44,1.74,87.28,2.44,3,2.83,3,0,6
863,B,A,A,B,B,B,C,A,21.4,1.72,80,2,3,2,2.94,1.41,6
864,B,A,A,B,B,B,B,A,25.99,1.81,106.04,3,3,2.86,1.81,0.68,2
865,A,B,A,B,B,B,B,A,19.06,1.66,49.84,1.49,3,1.05,2,1,0
866,A,A,A,B,B,B,B,A,21.57,1.75,133.95,3,3,2.83,1.41,0.86,4
867,A,B,A,B,A,D,C,C,21,1.66,59,1,3,2,3,0,1
868,B,A,A,B,B,B,C,A,21,1.8,62,3,3,2,1,0,1
869,B,A,A,B,B,B,C,A,25.72,1.67,103.71,2.67,1.13,1.28,0.11,1.14,3
870,A,A,A,B,B,B,B,A,18.5,1.68,126.67,3,3,1.12,1.54,1,4
871,A,A,A,B,B,B,B,A,20.59,1.74,130.93,3,3,1.85,1.46,0.96,4
872,A,A,A,B,B,A,C,A,29.97,1.61,49.52,2.06,3.9,2,0.82,0,0
873,A,A,A,B,B,B,B,A,18.74,1.79,138.2,3,3,2.83,0.81,0.67,4
874,A,A,B,B,B,B,C,A,21.08,1.49,60.12,2,1.1,1,0,0.97,6
875,A,A,A,B,B,B,C,A,18.18,1.64,82.14,2.67,3,1.17,0.89,1.25,2
876,A,A,A,B,B,D,C,A,23,1.65,80,2,3,2,0,2,6
877,A,A,A,B,B,B,B,A,26,1.63,111.49,3,3,2.44,0,0.27,4
878,B,A,A,B,B,B,C,C,23.25,1.65,93.31,1.37,3,1.95,0.1,0.22,2
879,B,A,A,B,B,B,B,C,37.59,1.75,117.9,2.54,2.92,1.89,0.69,0.07,3
880,B,A,A,B,B,B,B,A,21.95,1.77,105,2.25,3,2.96,1,0,2
881,B,B,A,B,B,C,B,A,21,1.62,70,2,1,3,1,0,5
882,A,A,A,B,B,B,B,A,20.22,1.72,129.47,3,3,1.76,1.49,0.86,4
883,B,B,A,B,B,B,B,C,34,1.78,73,2,3,2,3,1,1
884,A,B,A,B,B,B,B,A,22.24,1.6,65.42,2.99,3,1.71,0.78,0.15,5
885,B,A,A,B,B,B,C,A,26.84,1.69,102.6,2.68,1.09,1.37,0.18,1.04,3
886,B,A,A,B,B,B,B,A,21.73,1.78,105,2.04,3,2.36,0.35,0,2
887,A,A,A,B,B,B,B,A,25.96,1.64,104.97,3,3,1.48,0.2,0.66,4
888,B,A,A,B,B,B,C,A,22,1.65,80,2,3,2,0.53,2,6
889,B,A,A,B,B,B,C,A,28.39,1.69,99.54,2.77,2.3,1,1.62,0.14,3
890,B,A,A,B,B,B,B,A,23.25,1.85,122.06,3,2.28,1.59,0.93,0,3
891,B,B,A,B,B,C,B,A,21,1.62,70,2,1,3,1,0,5
892,B,B,B,B,B,B,C,D,17,1.9,60,3,3,2,3,1,0
893,B,A,A,B,B,B,B,A,21.42,1.71,75,2,3,1.36,0.92,0.14,5
894,A,A,A,B,B,B,B,A,20.98,1.71,131.41,3,3,1.73,1.68,0.91,4
895,A,A,A,B,B,B,B,A,22.84,1.6,82,1.01,1,2,0,0.59,2
896,B,A,B,B,B,B,A,C,20,1.67,78,2,1,3,0,0,6
897,A,A,A,B,B,B,C,A,19,1.64,53,3,3,1,1,1,1
898,B,A,A,B,B,B,B,C,37.21,1.76,118.4,2.14,2.99,1.89,0.62,0,3
899,B,A,A,B,B,B,B,A,21,1.85,68,2,3,2,0,1,1
900,B,A,A,B,B,B,C,C,41,1.75,115.81,2,2.7,1.14,0.51,0,3
901,A,B,B,B,B,A,C,A,23.5,1.6,45,2.59,3,2.07,1.68,0,0
902,A,A,A,B,B,B,B,A,21.28,1.75,133.66,3,3,2.25,1.61,0.85,4
903,B,A,B,B,B,A,C,A,19,1.7,65,2,3,2,1,0,1
904,A,A,A,B,B,B,B,A,18.11,1.7,91.5,1.9,3,1.44,0.95,0.84,2
905,A,B,A,B,B,B,C,C,18,1.55,56,2,3,1,0,0,1
906,A,A,A,B,B,B,B,A,21.84,1.76,137.79,3,3,2.64,1.88,0.89,4
907,A,B,A,B,B,B,B,A,19.05,1.56,39.7,1.89,2.22,2.01,2.08,1.68,0
908,B,A,A,B,B,B,B,A,22.66,1.78,113.71,1.76,3,2,1.09,0.07,3
909,B,A,A,B,B,B,B,A,29,1.62,89,1,3,1,0,0,2
910,A,A,A,B,B,B,B,A,18.23,1.79,137.86,3,3,2.84,1.99,0.74,4
911,A,A,B,B,B,B,C,A,22.15,1.48,61.37,2,2.98,1.45,0.33,0.51,6
912,A,A,A,B,B,B,C,A,23,1.61,82.95,2.15,2.99,2.77,2.09,0,2
913,B,A,A,B,B,B,B,A,25.3,1.77,114.33,1.56,3,2.08,1.55,0,3
914,A,A,A,B,B,B,B,A,21.33,1.75,147.3,3,3,2.34,1.42,0.71,4
915,A,B,B,B,B,B,C,A,18,1.59,53,1,3,1,1,2,1
916,A,A,A,B,B,B,B,A,26,1.63,104.83,3,3,2.65,0,0.56,4
917,A,B,B,B,B,A,C,A,18,1.54,71,3,4,2,1,1,6
918,B,A,A,B,B,A,B,A,18,1.6,58,2,3,2,1,0,1
919,B,A,A,B,B,B,B,C,28.7,1.76,113.9,2.32,3,2.17,0,1.49,3
920,B,A,A,B,B,B,B,A,21.96,1.85,122.33,3,2.22,1.34,0.43,0,3
921,A,A,A,B,B,B,B,A,21.95,1.73,78.43,2.14,1,2,2.27,0,5
922,B,B,A,B,B,B,B,E,19,1.75,58,2,3,2,2,0,1
923,A,A,A,B,B,A,C,A,18,1.62,55,2,3,1,1,1,1
924,B,A,A,B,B,D,A,A,18,1.75,80,2,3,2,0,0,5
925,B,A,A,B,B,B,C,C,32.61,1.74,83.39,2.25,3.05,1.92,0.41,0,6
926,A,B,A,B,B,B,B,A,24.02,1.6,64.81,2.9,3,1.55,0,0.27,5
927,B,A,A,B,B,B,B,A,24.62,1.76,117.37,1.45,3,2,1.38,0.63,3
928,A,A,A,B,B,B,B,A,20.92,1.75,133.62,3,3,2.89,1.48,0.78,4
929,A,A,A,B,B,B,B,A,20.53,1.76,79.47,2.86,1,2.66,2.76,0.78,5
930,B,A,A,B,B,B,B,A,26.61,1.79,118.17,2,3,2.34,0.9,0.08,3
931,A,A,A,B,B,A,C,A,22.99,1.74,54.17,3,3,2.03,2,0.15,0
932,B,A,B,B,B,B,C,C,34,1.69,84,2,3,3,2,0,6
933,A,A,A,B,B,B,C,A,19.05,1.61,82.19,1.26,2.93,1.17,0.13,0.95,2
934,A,B,A,B,A,B,B,A,19.77,1.54,64.73,2.71,2.67,1.98,0.45,0.91,5
935,B,A,B,B,B,B,C,B,20,1.84,104,2,3,3,3,0,2
936,A,A,A,B,B,A,C,A,20.95,1.76,55.01,2.97,3.59,2.89,2,1.01,0
937,B,A,A,B,B,B,B,C,37.77,1.76,117.86,2.15,2.89,2.04,0.85,0,3
938,B,B,B,B,A,A,C,A,25,1.89,75,3,3,2,3,0,1
939,A,A,A,B,B,B,B,A,20.87,1.78,137.85,3,3,2.75,1.99,0.83,4
940,B,A,A,B,B,B,B,A,18,1.74,50.25,1.87,3,1.28,0.68,1.49,0
941,B,A,A,B,B,B,B,A,23,1.72,81.65,2,1.98,1.63,0.88,1.13,6
942,A,A,A,B,B,B,B,A,20.39,1.75,128.15,3,3,2.23,0.55,0.84,4
943,A,A,B,B,B,B,C,A,21.67,1.5,63.65,2,1.47,2,0.27,0.61,6
944,B,A,B,B,B,B,C,A,19.75,1.68,79.62,1.84,3,2,1.19,1.21,6
945,A,A,B,B,B,B,B,A,18.55,1.55,72.47,3,3.01,2,2,1,6
946,B,A,A,A,B,B,B,A,31.19,1.89,129.16,2.89,3,1.28,0.94,0.01,3
947,A,B,A,B,B,D,A,A,61,1.65,66,3,3,2,1,1,1
948,B,B,B,B,B,A,B,A,18,1.76,68,2,4,2,1,1,1
949,B,A,A,B,A,B,B,C,18,1.84,60,3,4,2,2,0,0
950,B,A,A,B,B,B,B,A,23.88,1.83,121.04,2.68,2.71,2.73,1.16,0.44,3
951,B,A,A,B,B,B,B,A,26.68,1.82,118.33,1.98,3,2.36,0.7,0.01,3
952,B,B,A,A,B,A,B,A,21,1.75,62,3,4,2,0,0,1
953,A,B,B,B,B,A,C,A,22.21,1.59,44.05,3,2.99,2.7,1.97,0,0
954,A,A,A,B,B,A,B,A,22,1.65,58,3,4,2,1,0,1
955,A,A,A,B,B,B,C,C,39.39,1.71,85.72,2.94,1.47,2.44,0.68,0.78,6
956,B,A,A,B,B,B,B,A,22.98,1.83,121.24,2.4,2.89,1.98,1.86,0,3
957,A,A,A,B,B,B,B,A,26,1.66,112,3,3,2.96,0,0.01,4
958,A,A,B,B,B,B,C,A,19.46,1.55,69.94,2.5,3.39,1.34,0.93,1,6
959,B,A,A,B,B,B,C,C,33.02,1.73,84.32,2,3,2.21,1.29,0,6
960,B,A,A,B,B,B,B,A,33,1.85,97.92,2,3,1.12,1,0.66,6
961,A,A,A,B,B,A,B,A,18,1.67,91,1,3,1,0,1,2
962,B,A,A,B,B,B,B,A,21.56,1.77,116.16,2,3,2,1.4,1,3
963,B,A,A,B,B,B,B,A,23.46,1.7,75,2.16,3,2.15,1.08,1.5,5
964,A,A,A,B,B,B,B,A,26,1.63,111.86,3,3,2.58,0,0.23,4
965,B,B,A,B,B,B,B,A,17.04,1.71,51.59,2,2.06,2.37,0.29,0.71,0
966,B,A,A,B,B,B,C,A,22.77,1.75,95.32,2,3,3,3,2,2
967,B,A,A,B,B,B,C,C,34.58,1.73,103.67,2.5,2.05,1,1.75,0,3
968,A,B,A,B,B,A,B,A,20,1.62,45,3,3,1,1,0,0
969,A,A,A,B,B,B,B,C,41.32,1.54,77.05,2,3,2.09,0,0,2
970,B,A,A,B,B,B,B,C,30.35,1.86,123.72,2,3,2.29,1.03,0,3
971,A,B,A,B,B,A,B,A,20,1.56,51.5,2,3,2,3,0,1
972,A,A,A,B,B,B,B,A,18.9,1.74,133.28,3,3,2.68,1.47,0.8,4
973,B,A,A,B,B,B,A,C,39.57,1.79,100.43,2.87,1.79,2.69,2.55,0.9,2
974,B,A,A,B,B,B,C,A,21.2,1.65,88.47,2.43,1,3,1.17,1,2
975,A,A,B,B,B,B,C,A,21.96,1.48,62.89,2,1.68,1.83,0.28,0.58,6
976,A,A,A,B,B,B,B,A,22.78,1.66,120.75,3,3,1.91,0.22,0.78,4
977,A,A,A,B,B,A,B,A,18,1.5,50,3,3,2,0,1,1
978,B,A,A,B,B,B,B,A,24.36,1.72,85.26,2,2.68,2.08,0.63,0.99,6
979,A,A,A,B,B,B,C,C,34.2,1.66,80.39,2,3,2.64,0.29,1.5,6
980,A,A,A,B,B,B,B,C,37.36,1.56,77.27,2,3,1.63,0,0,2
981,B,A,A,B,B,B,C,A,18,1.81,108.8,2,1.25,2.12,1,0.74,2
982,B,A,A,A,B,B,B,A,31.21,1.88,127.16,2.73,3,1.49,1.49,1.15,3
983,B,A,A,B,B,B,C,A,21.83,1.72,94.09,2,2.97,2,0,1.28,2
984,B,B,B,B,A,A,A,C,21,1.71,75,2,3,3,3,1,5
985,B,A,A,B,B,B,C,A,18,1.81,108.83,2,1.25,2.42,1,1.55,2
986,B,A,A,B,B,B,B,A,23,1.71,75.48,3,3.65,1.23,0.79,1.6,5
987,B,B,A,B,B,C,B,A,21,1.62,70,2,1,3,1,0,5
988,B,A,A,B,B,B,B,A,27.47,1.84,120.42,2.77,3,2.87,0.71,0.68,3
989,B,A,A,B,B,B,B,C,23,1.84,58.85,3,3,2.03,1.66,0.11,0
990,B,A,A,B,B,B,B,A,23,1.72,81.67,2,1.73,1.4,0.89,1.01,6
991,A,A,A,B,B,B,C,C,45,1.68,79.67,2.6,3,1,0,0,6
992,A,A,A,B,B,B,B,A,21.17,1.62,68.91,1.19,3.27,2.04,0.78,1.04,5
993,B,A,A,B,B,B,C,A,18.03,1.75,80,2,2.79,2.38,0.1,0.11,5
994,A,A,A,B,B,B,B,A,25.65,1.66,110.92,3,3,1.6,0.03,0.2,4
995,B,A,A,B,B,B,C,A,22.97,1.7,95,2,3,2.13,1.03,1.08,2
996,B,B,A,B,B,A,C,A,19,1.8,70,3,3,1,2,0,1
997,A,B,B,B,B,A,A,A,24,1.56,51,3,3,2,2,2,1
998,B,A,A,B,B,B,B,A,22,1.74,94,2,3,2,0,0,2
999,B,B,A,B,B,B,C,C,29.15,1.77,87.07,1.6,3.62,1.27,1.5,0.37,5
1000,B,B,A,B,B,B,B,A,20,1.65,58,2,3,2,3,1,1
1001,A,B,A,B,B,B,B,A,16.27,1.82,47.12,3,3.29,2.15,2.46,1.27,0
1002,A,A,A,B,A,B,C,A,16.37,1.61,66.74,2.21,1,2,0.95,1.77,5
1003,A,A,A,B,B,B,B,A,24.69,1.67,112.98,3,3,2.89,0.31,0.21,4
1004,B,A,A,B,B,B,B,A,18,1.72,52.29,1.2,3,1.93,0.02,1.75,0
1005,A,B,A,B,B,B,B,C,18,1.62,50,3,3,1,0,0,1
1006,A,A,A,B,B,B,C,D,15,1.65,86,3,3,1,3,2,2
1007,A,B,B,B,B,A,B,A,19.72,1.73,50,1.12,4,1,1.3,0.37,0
1008,B,A,A,B,B,B,C,C,17.21,1.82,58.33,2.56,4,2,2,0.33,0
1009,B,A,A,B,B,B,C,A,29.79,1.7,102.59,2.65,1.08,1.35,0.33,0.39,3
1010,A,B,A,B,B,B,C,A,18,1.5,58,2,3,1,0,0,5
1011,B,A,B,B,B,A,B,C,35,1.77,85,3,3,3,2,1,6
1012,B,A,A,B,B,B,C,A,27.19,1.68,102.87,2.67,1.1,1.23,0.21,1,3
1013,A,B,A,B,B,B,B,A,21,1.54,56,2,1,2,0,2,1
1014,B,B,B,B,B,B,A,A,23,1.72,70,2,3,2,3,1,1
1015,A,A,A,B,B,B,B,A,24.48,1.69,112.78,3,3,2.72,0.34,0.15,4
1016,A,B,A,B,B,B,B,A,27,1.55,62.88,2.24,1.7,1,0.79,0.4,5
1017,A,B,A,B,B,A,B,A,20.85,1.52,42,2.87,1.23,1,0.14,0,0
1018,B,A,A,B,B,B,B,A,18,1.72,52.51,2.34,3,2,0.03,1.88,0
1019,A,A,A,B,B,B,B,A,19.3,1.82,141.92,3,3,2.7,1.52,0.76,4
1020,A,A,B,B,B,B,B,C,36,1.63,80,3,3,1,0,0,2
1021,B,A,A,B,B,A,C,A,17,1.79,57,2,4,2,2,1,0
1022,A,A,A,B,B,B,B,A,23.71,1.74,132.81,3,3,2.86,1.05,0.59,4
1023,B,B,B,B,A,B,C,A,19,1.85,115,2,3,3,1,2,2
1024,B,A,A,B,B,B,C,C,55.02,1.67,80.4,2,3,2,1,0,6
1025,B,A,A,B,B,B,C,A,18,1.8,108.93,2,1.19,2.43,1,1.54,2
1026,A,A,B,B,B,B,C,A,22,1.64,56,3,3,2,0,0,1
1027,B,A,A,B,B,B,C,C,17.49,1.83,59.99,2.94,4,2,2,0.13,0
1028,B,A,A,B,B,B,C,C,33.75,1.7,107.03,2.56,2.88,1,1.98,0,3
1029,B,A,A,B,B,A,B,A,21,1.8,75,3,3,1,2,0,1
1030,A,A,A,B,B,B,B,A,21.23,1.72,131.57,3,3,1.65,1.66,0.94,4
1031,A,A,A,B,B,B,B,A,21.91,1.61,68.07,1.83,4,2.63,1.24,1.98,5
1032,A,A,A,B,B,B,B,A,19.78,1.75,133.94,3,3,2.84,1.43,0.78,4
1033,B,A,A,B,B,B,B,A,21.98,1.82,106.05,2,3,2.75,0,0.81,2
1034,B,A,A,B,B,B,B,C,24.73,1.64,91.27,1.04,3,1,0.34,0.33,2
1035,A,B,A,B,B,A,B,A,19.83,1.7,49.68,1.27,3.73,1.88,2,1,0
1036,B,A,A,B,B,B,B,C,30,1.76,112,1.57,3,2,0,0.34,3
1037,B,A,A,B,B,B,B,A,23,1.75,106.49,2.74,3,2.08,0.65,0.77,2
1038,A,A,A,B,B,B,B,A,25.78,1.64,109.91,3,3,1.53,0.02,0.45,4
1039,B,A,A,B,B,B,C,C,19.33,1.77,55.7,2,4,2.16,2,1.68,0
1040,A,A,A,B,B,B,C,A,22.6,1.65,87.27,2.88,1.29,2.78,0.43,1,2
1041,B,A,B,B,B,B,C,A,25,1.78,98,2,3,3,3,2,2
1042,B,A,A,B,B,B,B,A,26.68,1.81,118.28,2.24,3,2.68,0.98,0,3
1043,A,A,A,B,B,B,B,A,26,1.61,105.41,3,3,2.61,0,0.55,4
1044,B,A,A,B,B,B,B,A,26.49,1.87,120.9,2.44,3,2.94,1.21,0.74,3
1045,B,A,A,B,B,B,B,A,25.14,1.83,121,3,3,3,1.47,0.34,3
1046,B,A,A,B,B,B,B,C,30.61,1.76,118.57,2.92,3,2.24,1.08,1.48,3
1047,B,A,A,B,B,B,B,A,25.85,1.77,115.83,2.38,3,2.17,1.21,1.9,3
1048,A,A,A,B,B,B,B,A,26,1.64,110.92,3,3,2.67,0,0.28,4
1049,A,B,A,B,A,B,B,A,19.76,1.54,63.86,2.63,2.76,1.51,0.3,0,5
1050,B,A,A,B,B,B,C,A,26.95,1.65,99.59,2.94,1.85,1,1.09,0.72,3
1051,B,A,A,B,B,B,B,A,21.79,1.75,89.07,2,2.04,2.39,0.81,0,6
1052,A,A,A,B,B,B,C,C,34.28,1.67,77.21,2.69,1.84,1.72,0.67,0.71,6
1053,B,A,A,B,B,B,B,C,31.78,1.75,120,2.94,3,2.32,0.58,1.59,3
1054,B,A,A,B,B,A,A,A,19,1.76,79,2,3,3,1,2,5
1055,A,A,A,B,B,B,B,C,40,1.56,62.87,2.95,3,2.43,0.12,0.36,5
1056,A,A,A,B,B,B,C,A,28.77,1.58,79.71,2,1,2,0.01,0,2
1057,A,A,A,B,B,B,B,A,23.46,1.68,114.47,3,3,2.43,0.29,0.74,4
1058,B,A,A,B,B,B,B,A,20.53,1.86,115.4,2,3,3,0.99,1.91,2
1059,B,A,A,B,B,B,B,D,19,1.8,85,3,3,2,1,1,5
1060,B,A,A,B,B,B,B,A,25,1.79,72,2,3,2,1,1,1
1061,B,A,A,B,B,B,C,C,17.89,1.84,60,3,3.73,2,2,0.38,0
1062,A,A,A,B,B,B,C,A,23.09,1.6,80.73,1.52,1,2,0,1.09,2
1063,B,A,A,B,B,B,B,C,37.94,1.79,99.2,2.05,1.87,2.86,2.01,0.11,2
1064,A,A,A,B,B,B,B,A,26,1.62,111,3,3,2.7,0,0.32,4
1065,A,A,A,B,B,B,B,A,18,1.69,90,2.74,3,2,1.35,0.47,2
1066,B,A,A,B,B,B,C,C,17.36,1.81,59.24,2.42,4,2,2,0.04,0
1067,B,A,B,A,B,B,C,B,44,1.6,80,2,3,3,0,0,2
1068,B,B,A,B,B,B,A,A,23,1.75,75,2,3,2,1,0,1
1069,B,A,A,B,B,B,B,A,19.64,1.81,85,3,3,2.23,1.61,0.63,5
1070,B,A,A,B,B,B,B,A,27,1.93,102,2,1,1,1,0,6
1071,B,A,A,B,B,B,B,A,25.04,1.87,121.24,2.63,3,2.96,1.36,0,3
1072,B,A,A,B,B,B,B,A,29.22,1.75,88.1,2,1.89,2,0,0,6
1073,B,A,A,B,B,B,B,A,21.96,1.93,118.2,2,3,3,0.74,1,2
1074,A,A,A,B,B,C,B,A,21.69,1.6,68.02,1.9,3.27,2.93,0.99,0.31,5
1075,B,A,A,B,B,B,B,A,25.67,1.8,117.93,2.04,3,2.44,1.02,0.02,3
1076,A,B,A,B,B,B,B,A,21.83,1.58,65.36,2.02,3,1.08,0.52,0.81,5
1077,B,A,A,B,B,B,B,A,22.29,1.75,55.88,2.45,4,2.15,2,0.59,0
1078,A,A,A,B,B,A,B,B,37,1.5,75,2,3,1,0,0,2
1079,A,B,A,B,B,A,B,A,20.15,1.53,42,3,1,1.32,0,0.48,0
1080,B,A,B,B,A,C,B,D,30,1.75,73,2,3,2,1,0,1
1081,A,B,A,B,B,B,B,A,17.4,1.71,50,2.02,3.3,1.32,0.07,1,0
1082,B,A,A,B,B,B,B,C,30.72,1.77,120.34,2.12,3,2.19,0.99,1.56,3
1083,A,A,A,B,B,B,B,A,19.73,1.75,129.36,3,3,2.25,0.64,0.69,4
1084,B,A,A,B,B,B,B,A,18.42,1.75,54.12,2,3.17,2.28,1.84,2,0
1085,B,A,A,B,B,B,B,C,29.63,1.83,105.2,2.81,3,1.88,2,0.71,2
1086,B,B,A,B,B,B,B,A,19,1.8,80,2,1,2,2,1,1
1087,B,A,A,B,B,B,B,C,25.95,1.66,90,2,3,3,0.41,0.92,2
1088,B,B,A,B,B,C,B,A,22,1.67,62,2,1,2,0,0,1
1089,B,A,A,B,B,B,B,C,27.97,1.67,90,1.96,3,2.65,0.57,0.32,2
1090,A,A,A,B,B,B,B,A,21.02,1.76,78.3,3,1,2,2.88,0,5
1091,A,A,A,B,B,B,B,A,25.93,1.61,102.39,3,3,1.05,0.03,0.54,4
1092,B,B,A,B,B,B,B,A,23,1.7,75,3,3,3,1,2,5
1093,A,A,A,B,B,B,B,A,24.29,1.71,113.37,3,3,2.8,0.38,0.17,4
1094,A,A,A,B,B,B,B,A,26,1.63,106.88,3,3,2.69,0,0.54,4
1095,A,B,B,B,B,B,C,A,18,1.62,68,2,1,1,0,2,5
1096,A,A,A,B,B,B,B,C,40.7,1.55,80,2,3,1.33,0,0,2
1097,B,A,A,B,B,B,C,A,23.24,1.76,97.83,2,3,2.99,2.43,1.98,2
1098,B,A,A,B,B,B,B,A,25.31,1.77,114.91,1.59,3,2.1,1.54,0,3
1099,A,B,A,B,A,B,B,A,17.81,1.52,55.82,1.77,2.12,1.08,0.09,1.92,5
1100,A,A,A,B,B,B,B,A,26,1.64,111.86,3,3,2.62,0,0.15,4
1101,B,A,A,B,B,B,B,C,30,1.76,112.01,1.75,3,2,0,0.11,3
1102,A,A,A,B,B,B,B,A,20.7,1.69,121.89,3,3,1.35,1.09,0.53,4
1103,A,A,A,B,B,B,B,A,26,1.64,111.6,3,3,2.65,0,0.25,4
1104,B,A,A,B,B,B,B,A,19.52,1.94,121.66,2,3,3,1,1.01,2
1105,B,B,A,B,B,B,C,A,20,1.7,65,2,3,2,0,1,1
1106,A,B,A,B,B,B,C,A,20,1.62,53,3,1,3,1,1,1
1107,A,A,A,B,B,B,B,A,25.56,1.68,110.62,3,3,1.5,0.11,0.38,4
1108,A,A,A,B,B,B,C,C,43.72,1.58,80.99,2.19,2.9,2.47,0.26,0,2
1109,B,A,A,B,B,A,A,A,18,1.8,80,2,3,1,0,1,1
1110,A,B,A,B,B,B,B,C,27,1.55,63,2,3,1,0,1,5
1111,A,A,A,B,B,D,C,A,21,1.72,66.5,3,4,3,0,2,1
1112,A,A,A,B,B,B,C,A,23.8,1.58,78.09,2,1,2,0.06,0,2
1113,A,A,A,B,B,B,C,A,40,1.56,80,2,1,2,2,0,2
1114,B,A,A,B,B,B,B,A,24.42,1.77,117.4,2.23,2.99,2.03,0.86,0.45,3
1115,A,A,B,A,A,B,B,A,21,1.52,56,3,3,3,3,0,1
1116,B,A,A,B,B,B,B,C,29.41,1.8,108.16,2.39,2.88,2.14,1.14,1.77,2
1117,B,B,B,B,B,B,C,A,23,1.65,66,3,3,2,3,0,1
1118,B,A,A,B,B,B,B,D,21,1.88,84,3,3,3,2,1,1
1119,B,A,A,B,B,B,C,C,25.31,1.79,115.13,1.59,3,2.12,1.54,0,3
1120,B,A,A,B,B,B,B,A,22.68,1.82,96.95,1.59,2.6,2.47,1.74,1.89,6
1121,A,A,A,B,B,B,B,A,25.96,1.62,102.23,3,3,1.07,0.03,1,4
1122,A,B,A,B,B,B,B,A,18,1.7,50.63,2,3,2,0,1.53,0
1123,B,A,A,B,B,B,B,A,21.05,1.69,75.05,2.18,3.56,1.85,1,0,5
1124,A,B,A,B,A,B,B,A,19,1.65,61,3,1,3,1,0,1
1125,A,A,A,B,B,A,C,A,18,1.55,50,3,3,1,1,2,1
1126,B,A,A,B,B,B,C,A,24.01,1.61,100.78,2.88,1.49,1.01,1,1.1,3
1127,A,A,A,B,B,B,B,A,26,1.65,111.92,3,3,2.79,0,0.1,4
1128,B,A,A,B,B,B,B,A,21.7,1.9,90.52,2.43,3.72,2.88,1.82,0.43,5
1129,B,A,A,B,B,B,B,A,18,1.75,86.37,2.91,3,2.74,1.22,0.04,6
1130,A,A,B,B,A,B,C,A,23,1.63,45,3,3,3,2,0,0
1131,A,A,A,B,B,B,B,A,23,1.66,82.46,2.74,1.48,2.68,0.07,0.41,2
1132,A,A,A,B,B,B,B,A,22.65,1.62,82,1.06,1,2,0,1.48,2
1133,B,A,A,B,B,B,B,A,18.73,1.86,112.88,2,2.43,2.57,1,2,2
1134,A,A,A,B,B,A,C,A,25.38,1.63,46.06,2.69,3.04,2.21,1.62,0,0
1135,B,A,A,B,B,B,C,A,24,1.66,67,3,1,2,1,0,1
1136,B,A,A,B,B,B,B,C,39.09,1.75,119.03,2.7,3,2.01,0.33,0.42,3
1137,B,A,A,B,B,B,C,A,19.03,1.7,98.3,2,2.39,2,0,1.12,2
1138,B,A,A,B,B,B,B,D,17,1.7,70,3,3,2,0,2,1
1139,B,A,B,A,B,A,C,A,20,1.6,50,2,4,2,3,2,1
1140,B,A,A,B,B,B,B,C,26.83,1.67,90,2,3,3,0.88,0.12,2
1141,A,A,B,B,B,B,B,D,20,1.66,60,3,3,2,1,0,1
1142,B,A,A,B,B,B,C,A,20.24,1.76,54.57,2,3.99,2.65,2.11,2,0
1143,A,A,A,B,B,B,C,A,23,1.63,84.5,2.06,2.96,2.01,0.85,0.63,2
1144,A,A,A,B,B,B,B,A,25.49,1.67,104.7,3,3,1.17,0.26,0.9,4
1145,A,A,A,B,B,B,B,A,20.89,1.75,133.57,3,3,2.87,1.62,0.83,4
1146,B,A,A,B,B,B,B,A,21.68,1.82,105.5,2.08,3,2.9,0.06,0.26,2
1147,B,A,A,B,B,B,C,C,40.5,1.74,111.17,2.29,2.85,1.87,0.92,0,3
1148,A,A,A,B,B,B,C,A,18.02,1.62,83.12,2.98,3,1.02,1.03,0.31,2
1149,A,A,A,B,B,B,B,A,19.99,1.79,152.44,3,3,2.37,1.26,0.76,4
1150,A,A,A,B,B,B,B,A,19.04,1.68,127.43,3,3,1.44,1.43,0.66,4
1151,B,B,A,B,B,A,C,A,23,1.74,53,2,3,1,3,2,0
1152,B,B,A,B,B,B,A,A,27,1.7,78,3,3,3,1,1,6
1153,A,A,A,A,B,B,A,A,23,1.6,78,2,1,2,1,0,2
1154,B,A,A,B,B,B,B,A,24.68,1.7,84.69,2,3,2.02,0,1,6
1155,A,A,A,B,B,B,B,A,18.3,1.81,140.29,3,3,2.83,1.78,0.79,4
1156,B,B,A,B,B,A,C,D,17,1.8,58,2,3,2,2,1,0
1157,B,A,A,B,B,B,C,A,23.37,1.76,95.36,2,3,3,3,2,2
1158,A,B,B,A,B,B,B,C,20,1.64,49,3,3,2,2,1,0
1159,A,B,A,B,B,B,C,C,29,1.53,78,2,1,2,0,0,2
1160,B,A,A,B,B,B,B,A,20.92,1.8,105.69,2,3,2.29,0,0.54,2
1161,A,B,A,B,B,B,B,C,34,1.68,75,3,1,1,0,0,5
1162,B,A,A,B,B,B,B,A,21,1.68,75,2,3,1.16,1,0,5
1163,B,A,A,B,B,A,C,A,19,1.75,100,2,3,2,2,0,2
1164,B,A,A,B,B,B,B,A,26.7,1.84,119.96,2.24,3,2.8,0.84,0,3
1165,A,A,A,B,B,B,B,C,43.51,1.59,76.13,2,3,2.09,0,0,2
1166,B,A,A,B,B,B,B,C,32.79,1.9,99.81,2,1.86,2.2,1,0,6
1167,B,A,A,B,B,B,B,A,23.45,1.75,117.38,1.62,3,2,1.82,0.63,3
1168,B,B,A,B,B,C,B,A,21,1.62,70,2,1,3,1,0,5
1169,A,A,A,B,B,B,B,A,21.39,1.73,131.9,3,3,1.42,1.7,0.93,4
1170,A,A,A,B,A,B,C,A,18,1.6,83,2,3,2,1,0,2
1171,B,B,A,B,B,B,B,C,29,1.62,53,2,3,2,0,0,1
1172,B,A,A,B,B,B,B,C,38.52,1.77,118.53,2.18,2.99,1.75,0.66,0,3
1173,B,A,A,B,B,B,C,A,32.87,1.7,103.02,2.6,2.18,1,1.99,0,3
1174,B,A,A,B,B,B,B,A,25.55,1.77,114.25,2.18,3,2.13,1.31,0.08,3
1175,A,A,A,B,B,B,B,A,26,1.63,111.88,3,3,2.62,0,0.12,4
1176,B,A,A,B,B,B,C,A,22.74,1.72,94.74,2,3,2.18,1.93,0.21,2
1177,A,A,A,B,B,B,B,A,26,1.6,105.45,3,3,1.03,0,0.37,4
1178,B,A,A,B,B,B,B,A,23,1.7,81.32,2,2.72,1.52,0.28,1.04,6
1179,A,A,A,B,B,B,B,A,22.69,1.63,82,1.92,1.36,2,0,1.38,2
1180,B,B,B,B,B,B,B,D,33,1.74,76,2,3,1,0,2,5
1181,B,A,A,B,B,B,B,A,22.34,1.87,121.46,2.84,2.68,1.71,0.94,0,3
1182,B,A,A,B,B,B,C,C,39.83,1.71,108.01,2.49,3.76,1,1.86,0,3
1183,B,A,A,B,B,B,B,A,23.43,1.75,119.09,1.63,3,2,1.59,0.86,3
1184,A,A,A,B,B,B,B,A,26,1.62,110.79,3,3,2.7,0,0.29,4
1185,A,A,A,B,B,A,B,C,31,1.68,63,3,1,2,1,1,1
1186,B,A,A,B,B,B,B,A,18,1.7,55.3,3,3,2,3,0,1
1187,B,A,A,B,B,B,C,A,21.71,1.66,80,2,3,2,2.94,1.69,6
1188,A,A,B,A,A,B,C,A,51,1.59,50,3,3,3,2,0,1
1189,A,A,A,B,B,B,B,C,39.21,1.58,62.63,2.49,3,2.4,0.58,0.44,5
1190,B,A,A,B,B,B,B,A,24.19,1.7,84.85,2,3,2.06,0,1,6
1191,B,A,A,B,B,B,C,A,33.29,1.7,103.25,2.68,2.42,1,1.99,0,3
1192,A,B,A,B,B,B,B,A,18.87,1.53,41.67,2.76,1.16,1.3,0.25,1,0
1193,A,B,B,B,A,C,C,D,19,1.6,45,3,3,3,2,0,0
1194,B,A,A,B,B,B,B,A,25.01,1.79,117.85,2.19,2.99,2.44,1.06,0.15,3
1195,B,A,A,B,B,B,B,C,34.24,1.84,92.7,2,2.27,2.63,1,0.08,6
1196,A,A,A,B,B,B,C,A,21.02,1.65,88.13,2.87,1,3,1.32,1,2
1197,B,A,A,B,B,B,B,C,19.08,1.85,61.26,3,3.99,2.55,1.29,0.27,0
1198,A,A,A,B,B,B,B,A,26,1.64,111.57,3,3,2.51,0,0.26,4
1199,B,A,A,B,B,A,C,A,21,1.85,83,2,1,3,1,0,1
1200,A,A,B,B,B,D,B,C,29,1.74,72,3,3,2,0,0,1
1201,A,B,A,B,A,B,B,A,18,1.46,55.52,2,3,1.04,0.5,1.78,5
1202,B,A,A,B,B,B,B,A,19.8,1.76,87.86,2.33,3,3,2.41,0.44,6
1203,A,A,B,B,B,B,A,C,38,1.55,59,3,3,1,2,1,1
1204,B,A,A,B,B,B,C,A,21.68,1.74,98.18,2,2.98,2.67,2.46,1.4,2
1205,A,A,A,B,B,B,C,A,23,1.63,83.1,2.98,1.63,2.84,1.09,0.89,2
1206,A,A,A,B,B,B,B,A,26,1.63,110.82,3,3,2.71,0,0.28,4
1207,B,A,A,B,B,B,B,A,22.99,1.81,91.36,1.96,1.84,1.86,0,1.67,6
1208,A,A,A,B,B,B,C,C,41.74,1.68,79.85,2.73,3,1.3,0,1.1,6
1209,B,A,A,B,B,B,C,A,32.71,1.7,102.81,2.8,2.13,1,1.99,0,3
1210,A,A,A,B,B,B,B,A,26,1.64,111.87,3,3,2.64,0,0.09,4
1211,A,A,A,B,B,B,B,A,21.68,1.75,133.96,3,3,2.83,1.41,0.9,4
1212,B,A,A,B,B,B,B,C,38,1.76,118.67,2.61,2.99,1.8,0.64,0.2,3
1213,B,A,B,B,B,B,B,E,22,1.75,74,2,3,2,1,2,1
1214,A,A,B,B,B,B,C,A,21,1.52,64.7,2.12,1.67,2,1.58,1.31,6
1215,B,A,A,B,B,B,C,D,18,1.82,80,2,3,2,3,2,1
1216,B,A,A,B,B,B,B,A,23.32,1.85,121.25,3,2.7,2.63,0.98,0,3
1217,B,A,A,B,B,B,B,A,22.83,1.77,116.67,1.48,3,2,1.11,0.69,3
1218,A,A,A,B,B,B,B,A,21.63,1.75,133.78,3,3,1.95,1.49,0.91,4
1219,A,A,A,B,B,B,A,A,26.6,1.66,78.57,2,2.6,2,0,0.43,6
1220,B,A,A,B,B,B,C,C,18,1.85,60,3,4,2,2,0,0
1221,A,A,A,B,A,C,C,A,19,1.7,64,3,3,3,3,1,1
1222,A,B,A,B,B,B,B,A,21,1.6,61,2,3,1,1,1,1
1223,A,B,B,B,A,A,B,A,19.27,1.58,44.75,3,2.98,1.25,0.98,0,0
1224,B,A,A,B,B,B,B,C,30.55,1.78,102.87,2.27,3,1.77,2,0.41,2
1225,A,A,B,B,B,B,C,A,21,1.5,42.3,1,1,2,3,0,1
1226,B,A,A,B,B,B,B,A,19.69,1.8,85,2.19,3,2.72,1.53,1,5
1227,A,B,A,B,B,B,B,A,21.84,1.56,63.6,2.54,1.59,1.98,1.26,0,5
1228,A,A,A,B,B,A,C,A,21.27,1.74,50.48,3,3.49,1.33,0.79,0.13,0
1229,B,A,A,B,B,B,B,A,22.85,1.85,121.74,2.92,2.69,1.81,0.48,0,3
1230,A,B,A,B,B,A,B,A,19,1.54,42,2.72,1.47,1.16,1.24,0.93,0
1231,A,B,B,B,B,A,C,A,22.14,1.6,42.85,3,2.58,2.65,0.9,0,0
1232,A,A,A,B,B,B,B,A,21.85,1.77,133.96,3,3,2.83,1.4,0.93,4
1233,B,A,A,B,B,B,B,A,27.99,1.83,120.86,3,3,3,0.69,1.42,3
1234,A,A,A,B,B,B,C,C,43.24,1.73,86.95,2.35,2.34,1.83,0.71,0,6
1235,A,A,A,B,B,B,B,C,42.24,1.77,75.63,3,2.95,2.11,0.38,0,5
1236,A,A,A,B,B,B,C,A,23,1.63,82,2,1,2,0,0,2
1237,A,B,A,B,B,B,B,A,20.4,1.53,40.34,2.7,2.88,1.44,0.14,0.32,0
1238,A,A,A,B,B,B,B,A,21.77,1.73,135.52,3,3,1.49,1.95,0.87,4
1239,A,A,A,B,B,B,B,C,40.79,1.55,80,2,1.1,1.69,1.87,0,2
1240,B,A,A,B,B,B,B,C,29.51,1.77,112.47,2.3,3,2.07,0,0.73,3
1241,B,A,A,B,B,B,C,A,23,1.74,93.43,2,3,1.25,0.97,1,2
1242,A,A,A,B,B,B,B,A,26,1.64,111.87,3,3,2.62,0,0.14,4
1243,B,A,A,B,A,B,B,C,18,1.85,60,3,4,2,2,0,0
1244,A,A,A,B,B,A,A,A,19,1.61,62,3,1,2,1,0,1
1245,B,A,B,B,B,A,C,A,19,1.82,75,2,3,2,1,0,1
1246,A,A,A,B,B,B,B,A,24.27,1.72,114.51,3,3,2.99,0.39,0.53,4
1247,B,A,B,B,B,B,C,D,22,1.75,95,2,3,3,3,2,2
1248,B,A,A,B,B,A,B,A,30,1.8,91,2,3,2,0,0,6
1249,B,A,A,B,B,B,C,A,26.62,1.69,103.18,2.65,1.12,1.15,0.22,0.62,3
1250,A,A,A,B,B,B,B,A,23.37,1.74,133.45,3,3,2.84,1.23,0.79,4
1251,A,A,A,B,B,B,B,A,25.5,1.68,104.85,3,3,1.24,0.26,0.85,4
1252,A,A,A,B,B,B,C,C,43.6,1.57,81.83,2.91,1,2,1.31,0,2
1253,A,A,A,B,B,B,B,A,19.47,1.79,160.94,3,3,2.07,1.99,0.95,4
1254,B,A,A,B,B,B,C,A,18,1.79,108.02,2,2.38,2.62,1,0.65,2
1255,B,A,A,B,B,B,A,A,18.9,1.75,79.83,2,2.23,2.05,1.29,0.96,5
1256,B,B,A,B,B,A,C,C,45,1.7,86,3,3,1,0,0,6
1257,B,A,A,B,B,B,C,A,21.12,1.72,80,2,3,2,2.27,1.34,6
1258,B,A,A,B,B,B,A,C,39.69,1.78,96.3,2.25,2.48,2.92,2.17,0.62,2
1259,B,A,A,B,B,B,C,A,24.04,1.61,98.49,3,2.12,1,1.54,0.89,3
1260,B,A,A,B,B,A,B,A,18,1.87,173,3,3,2,2,1,4
1261,A,A,A,B,B,B,C,A,24.18,1.59,80.55,2,1,2,0.01,0,2
1262,A,A,A,B,B,B,B,A,21.66,1.73,134.84,3,3,1.4,1.93,0.88,4
1263,B,A,A,B,B,B,B,A,32.24,1.76,87.91,2,1.8,1.86,1.08,0.22,6
1264,A,A,A,B,B,B,C,C,34.04,1.67,77.1,2.98,1.35,1.87,0.7,0.88,6
1265,B,B,A,B,B,B,A,C,41,1.8,99,2,3,2,2,1,2
1266,A,A,A,B,B,B,B,A,18.53,1.75,142.55,3,3,2.37,1.32,0.87,4
1267,A,A,A,B,B,B,C,A,18.99,1.76,80,2,1.41,2.65,2.88,0.95,5
1268,B,A,A,B,B,B,B,A,25.33,1.77,114,1.53,3,2.08,1.52,0.23,3
1269,A,A,A,B,B,B,A,C,28.82,1.7,78,3,3,2.15,1.42,1,6
1270,A,B,A,B,A,B,C,A,18.54,1.69,45,3,3,3,2.54,1.28,0
1271,A,A,A,B,B,A,B,A,18,1.6,51,2,3,1,1,1,1
1272,B,A,A,B,B,B,B,C,37.64,1.75,118.11,2.07,3,2.02,0.13,0,3
1273,A,A,A,B,B,B,B,C,38.9,1.55,80,2.74,1.13,1.39,1.67,0,2
1274,A,A,A,B,B,B,B,A,18.37,1.75,133.67,3,3,2.9,1.51,0.63,4
1275,B,B,A,B,A,B,C,B,25,1.7,83,3,3,3,3,0,6
1276,B,A,A,B,B,B,B,A,25.82,1.77,114.19,2.08,3,2.14,1.5,0.28,3
1277,B,A,B,B,B,A,B,A,23,1.72,76,3,4,1,0,0,5
1278,B,A,A,B,B,B,B,C,29.62,1.81,109.41,2.41,2.07,1.8,1.23,0.18,2
1279,A,A,A,B,B,B,B,A,20.81,1.74,128.76,3,3,1.77,0.62,0.97,4
1280,A,A,A,B,B,B,B,A,23.65,1.68,114.48,3,3,2.44,0.23,0.69,4
1281,A,A,A,B,B,B,C,A,18.85,1.75,80,2,1.39,2.65,2.69,0.98,5
1282,B,A,A,B,B,B,B,A,25.14,1.77,114.07,1.62,3,2.08,1.54,0.36,3
1283,A,A,A,B,B,B,B,A,23.59,1.7,81.11,2.04,2.98,1.52,0.5,1.03,6
1284,A,A,A,B,B,B,B,A,18.98,1.76,133.9,3,3,2.86,1.46,0.74,4
1285,A,A,A,B,B,B,B,A,25.99,1.64,105.04,3,3,2.42,0.02,0.6,4
1286,B,A,A,B,B,A,A,A,24,1.7,85,2,3,3,0,1,6
1287,A,A,A,B,B,B,B,A,24.47,1.66,113.08,3,3,2.63,0.3,0.27,4
1288,A,B,B,B,A,A,B,A,19,1.54,42.01,2.94,2.71,1.33,1.88,0.37,0
1289,A,A,A,B,B,B,C,A,23,1.62,80.62,2,1,2,0.03,0,2
1290,A,A,A,B,B,B,B,A,26,1.64,111.94,3,3,2.76,0,0.1,4
1291,A,A,A,B,B,B,B,A,25.98,1.63,104.84,3,3,2.56,0.02,0.58,4
1292,B,A,A,B,B,B,C,C,17.91,1.79,59.68,2.57,4,2,2,0.22,0
1293,A,A,A,B,B,A,C,A,20.41,1.76,53.7,2,3.89,1.86,2.87,2,0
1294,B,B,A,B,B,B,B,B,24,1.7,68,3,3,2,0,0,1
1295,B,A,A,B,B,B,B,C,29.44,1.77,108.6,3,3,1.16,1.87,1.6,2
1296,A,A,A,B,B,B,C,A,19,1.76,80,2,1,3,3,1,5
1297,A,B,A,B,B,A,B,A,20.97,1.55,41.56,2.93,1,1,0,0.28,0
1298,B,A,A,B,B,B,C,C,17.93,1.83,59.93,2.86,4,2,2,0.01,0
1299,B,A,A,B,B,B,C,C,50.83,1.75,82.13,2,3,1.77,0.94,0,6
1300,A,A,A,B,B,A,C,A,21.8,1.67,49.98,2.98,3,2.98,0.95,1.24,0
1301,A,A,A,B,B,B,C,A,18,1.71,75,3,3,2,1,0,5
1302,A,A,A,B,B,B,B,C,38,1.56,80,2,3,2,0,0,2
1303,A,B,A,B,B,A,C,A,16,1.55,45,2,3,2,1,1,1
1304,A,B,A,B,B,A,C,C,20,1.62,52,3,3,1,3,1,1
1305,A,A,A,B,B,B,B,A,26,1.62,111.27,3,3,2.61,0,0.2,4
1306,B,A,A,B,B,B,B,A,23.81,1.73,82.53,2.74,2.94,1.99,1,0.02,6
1307,B,A,A,B,B,B,B,D,21,1.76,78,3,1,2,3,0,5
1308,A,A,A,B,B,B,B,C,30.26,1.65,73.58,2,3,1,0,0.02,5
1309,B,A,A,B,B,B,B,C,30.52,1.78,120.64,2.5,3,2.04,0.84,0.49,3
1310,A,A,A,B,B,B,B,C,38.15,1.56,79.66,2,3,1.27,0,0,2
1311,A,A,A,B,B,B,B,A,26,1.63,111.36,3,3,2.62,0,0.17,4
1312,B,B,A,B,B,D,B,A,19,1.69,60,2,3,1,1,1,1
1313,B,A,A,B,B,B,B,A,22.85,1.75,79.41,3,1,2,2.32,0,5
1314,B,A,A,B,B,B,B,C,38.11,1.75,119.2,2.5,2.99,1.96,0.61,0.65,3
1315,A,B,A,B,B,A,B,A,20.26,1.53,41.27,2.67,2.78,1.25,0.04,0.4,0
1316,A,B,A,B,B,A,B,A,19.64,1.54,42,3,1,1.5,0,0.51,0
1317,A,A,A,B,B,B,B,A,25.71,1.59,80.35,2,1,2,0,0,2
1318,A,A,B,B,B,C,C,A,24,1.6,45,2,3,2,1,0,0
1319,A,A,A,B,B,B,B,C,30.96,1.63,68.8,2.05,3,1.97,0.23,0,5
1320,B,B,B,B,B,B,A,D,27,1.8,87,3,3,2,2,0,5
1321,B,A,A,B,B,B,A,A,18.01,1.75,80,2,2.81,2.12,0.05,0.02,5
1322,B,B,A,B,B,C,B,A,19.86,1.62,69.58,2.19,1,2.81,1,1.11,5
1323,B,A,A,B,B,B,B,A,29.69,1.91,129.68,2.09,3,1.52,1.86,0,3
1324,B,A,A,B,B,B,B,C,27.44,1.79,112.74,2.16,3,2.05,0,1.75,3
1325,B,A,A,B,B,B,C,A,20.07,1.66,105.58,2.72,1.44,1.59,0.03,1.12,3
1326,B,B,A,B,B,C,B,A,21,1.62,70,2,1,3,1,0,5
1327,A,A,A,B,B,B,B,A,21.87,1.73,78.18,2.58,1,2,2.29,0,5
1328,A,A,A,B,B,B,B,A,19.53,1.75,133.84,3,3,2.96,1.46,0.66,4
1329,A,B,A,B,B,D,B,A,16,1.57,49,2,4,2,0,1,1
1330,B,A,A,B,B,B,B,C,40.17,1.76,116.97,2.05,2.84,1.73,0.58,0,3
1331,A,A,A,B,B,B,B,C,37.6,1.63,80,2.45,2.95,1.34,0.18,0,2
1332,B,A,A,B,B,B,C,A,20.16,1.62,103.39,2.77,1.24,1.41,0.17,0.86,3
1333,B,A,A,B,B,B,B,C,36.67,1.79,101.29,2.22,1.58,2.79,2.35,0.32,2
1334,A,A,A,B,B,B,B,A,31.39,1.56,78.23,2.14,2.09,1.51,0,0,2
1335,A,A,A,B,B,B,B,A,21.29,1.71,130.99,3,3,1.21,1.72,0.95,4
1336,B,A,A,B,B,B,B,A,24.83,1.76,112.26,1.37,3,2,1.6,0,3
1337,B,A,A,B,B,B,B,A,19,1.8,87,2,4,2,2,1,5
1338,A,A,B,B,A,A,B,D,28,1.7,73,2,3,2,2,0,5
1339,B,B,A,B,B,B,C,C,29.74,1.82,87.67,3,3,1.17,2,0,5
1340,A,B,B,B,B,A,C,A,21.96,1.57,43.92,3,1.6,2.65,0.6,0,0
1341,B,A,A,B,B,B,B,A,22.91,1.76,120.02,2.97,2.81,1.96,1.58,0.5,3
1342,A,B,B,B,B,A,C,A,21.49,1.59,43.09,2.01,1.74,1.79,0.12,0,0
1343,A,A,A,B,B,B,B,A,24.2,1.7,114.48,3,3,2.91,0.36,0.57,4
1344,A,A,A,B,B,B,B,A,26,1.63,111.83,3,3,2.56,0,0.24,4
1345,B,A,A,B,B,B,C,C,17.28,1.82,59.61,2.61,3.71,2,2,0.17,0
1346,B,A,A,B,B,B,C,A,32.26,1.7,102.69,2.72,1.92,1,1.62,0.07,3
1347,A,A,A,B,B,B,B,A,18.15,1.69,92.51,2.11,3,1.38,1.03,0.83,2
1348,A,B,A,B,B,B,B,A,18.77,1.58,41.89,2.03,1,1.64,0,1.91,0
1349,B,A,A,B,B,B,C,A,20.99,1.68,80.38,2,2.96,2,1.66,1.11,6
1350,A,A,A,B,B,B,B,A,21.77,1.76,133.89,3,3,2.33,1.44,0.92,4
1351,A,A,A,B,B,B,B,A,25.43,1.68,104.76,3,3,1.53,0.22,0.9,4
1352,B,A,B,B,A,B,B,A,22,1.61,67,2,4,3,2,2,5
1353,B,A,A,B,B,D,B,D,16,1.84,45,3,3,3,3,2,0
1354,B,A,A,B,B,B,B,C,31.57,1.77,120.16,2.58,3,2.08,1.04,0.38,3
1355,A,A,B,B,B,B,B,A,19.01,1.6,73.51,2.94,2.67,2.18,1.52,0.81,6
1356,A,A,A,B,B,B,B,A,22.52,1.63,82.41,1.85,1.32,2.14,0.25,1.73,2
1357,A,A,A,B,B,B,C,A,18.87,1.76,80,2,1.1,2.47,2.88,0.79,5
1358,A,A,B,B,A,D,B,A,22,1.7,66,3,3,2,2,1,1
1359,B,A,A,B,B,B,C,A,21.75,1.67,94.45,2,2.97,2,0,1.29,2
1360,B,A,A,B,B,B,B,A,21.62,1.79,106.32,2.49,3,2.65,0.11,0.76,2
1361,A,A,A,B,B,B,B,A,21.76,1.74,135.35,3,3,2.61,1.62,0.87,4
1362,B,A,A,B,B,B,C,A,18.13,1.78,80.27,1.57,3,2,2.71,0,5
1363,B,A,A,B,B,B,B,C,26.77,1.76,112.29,1.43,3,2.12,0.49,0.7,3
1364,B,A,A,B,B,B,B,A,23,1.69,75,2.62,3,2.82,0.75,2,5
1365,A,A,A,B,B,A,C,A,20.74,1.67,49.8,2.98,3.19,2.48,2,1,0
1366,A,A,A,B,B,B,B,A,26,1.64,111.82,3,3,2.55,0,0.2,4
1367,A,A,B,B,B,B,B,A,19.82,1.65,75.09,2.77,2.44,2.71,0.7,0.83,6
1368,B,A,A,B,B,B,C,A,21.81,1.65,80,2,3,2,0.83,2,6
1369,A,B,A,B,B,B,C,A,19,1.54,42,3,1,2,0,1,0
1370,B,A,A,B,B,B,B,C,29.98,1.77,112.35,1.95,3,2.04,0,0.62,3
1371,A,A,A,B,B,B,C,A,16.13,1.65,85.58,2.95,3,1,2.09,1.06,2
1372,B,A,A,B,B,B,C,C,17,1.82,59.3,2.43,3,2,2.35,1,0
1373,A,A,B,B,B,B,B,A,19.03,1.59,73.94,3,3.36,2,2.89,1,6
1374,A,A,A,B,B,B,C,A,23.47,1.58,78,2,1,2,0.88,0,2
1375,A,A,A,B,B,B,B,A,26,1.66,111.95,3,3,2.78,0,0.13,4
1376,A,A,A,B,B,B,B,A,21.14,1.71,133.74,3,3,1.41,1.56,0.91,4
1377,B,A,A,B,B,B,B,A,25.54,1.76,115.11,2.22,3,2.17,1.32,0.69,3
1378,A,A,A,B,B,B,C,C,34.18,1.68,77.39,2.8,1.97,1.92,0.94,0.7,6
1379,A,B,B,B,B,B,B,D,18,1.7,50,2,3,2,0,1,0
1380,A,B,A,B,B,B,C,A,23,1.64,52,3,1,2,2,2,1
1381,B,A,A,B,B,B,B,A,24.98,1.79,118.44,1.47,3,2.07,1.08,0.15,3
1382,A,A,A,B,B,B,B,A,25.46,1.7,78.06,2.66,3,3,0.55,0.66,6
1383,B,A,A,B,B,B,A,C,35.39,1.78,100.85,2.07,1.48,3,2.05,0.09,2
1384,A,A,A,B,B,B,C,A,18.06,1.63,82.46,2.92,3,1,1,0.91,2
1385,B,A,A,B,B,B,B,C,31.63,1.76,118.55,3,3,2.46,0.55,1.99,3
1386,A,A,A,B,B,B,B,A,18,1.69,90.02,2.64,3,1.9,1.65,0.36,2
1387,B,A,A,B,B,B,C,C,31.19,1.73,110.71,1.79,3.91,1.97,0.67,0,3
1388,B,A,A,B,B,B,B,A,25.12,1.77,113.21,1.46,3,2.02,1.56,0,3
1389,B,B,A,B,B,B,C,A,23,1.76,90,3,3,1,0,0,6
1390,B,A,A,B,B,B,B,A,23,1.74,105.03,2.39,3,2.01,0.98,0.41,2
1391,B,A,A,B,B,B,B,C,40.11,1.76,117.65,2.03,2.98,1.73,0.48,0,3
1392,B,A,A,B,B,B,C,A,20.74,1.76,55,2.63,3.83,2.99,2,1.43,0
1393,B,A,B,B,B,B,C,A,18,1.78,108,2,3,3,1,0,2
1394,B,A,A,B,B,B,B,A,21.69,1.81,105.7,2.06,3,2.89,0.9,0.14,2
1395,A,A,A,B,B,B,C,A,30.16,1.53,78.03,2.03,1.92,1.8,0,0,2
1396,A,A,B,B,B,B,C,A,21,1.62,64,2,3,2,0,1,1
1397,A,A,A,B,B,B,B,A,23.76,1.69,114.48,3,3,2.51,0.33,0.67,4
1398,B,A,A,B,B,B,B,C,30.61,1.78,120.55,2.06,3,2.36,0.09,1.76,3
1399,A,A,A,B,B,B,B,A,20.94,1.81,138.73,3,3,2.64,0.48,0.74,4
1400,B,A,A,B,B,B,C,A,30.8,1.67,100.54,2.96,2.38,1,1.74,0.39,3
1401,B,A,A,B,B,B,B,A,17.18,1.79,95.28,2,3,3,1.07,0.65,6
1402,A,A,A,B,B,B,C,C,38.46,1.7,78.97,3,3,2.98,0,0,6
1403,B,A,A,B,B,B,C,C,17,1.85,59.41,2.44,3,2,2.78,1,0
1404,A,A,B,B,B,A,C,A,17,1.7,85,2,3,2,1,1,6
1405,A,B,A,B,B,B,B,A,19,1.5,45,2,3,1,0,0,1
1406,A,A,A,B,B,B,B,C,27.9,1.7,74.24,2,3,2,1.72,0,5
1407,A,A,A,B,B,B,C,A,24.32,1.59,79.11,2,1,2,0.85,0,2
1408,B,A,A,B,B,B,C,A,23.67,1.78,97.84,2,3,3,3,2,2
1409,A,B,A,B,B,A,B,A,20.35,1.53,41.97,2.89,1,1,0,0.2,0
1410,A,A,B,B,A,B,B,A,21,1.54,49,2,1,2,2,0,1
1411,A,B,A,B,B,A,B,A,40,1.58,63,2,3,2,3,1,5
1412,A,A,A,B,B,B,B,A,21.64,1.75,133.26,3,3,1.93,1.56,0.93,4
1413,B,A,A,B,B,B,B,A,23,1.77,60,3,1,1,1,1,1
1414,B,A,A,B,B,B,B,A,22.05,1.79,89.99,1.77,1.89,2,0,1.37,6
1415,A,A,B,B,B,B,B,A,28.58,1.58,65.52,2,2.28,1.97,1.86,1.58,6
1416,B,A,A,B,B,B,C,C,34.54,1.77,85,2.69,3,2.65,1.97,0.89,6
1417,B,A,A,B,B,B,C,A,24.52,1.62,97.58,2.97,2.65,1,1.98,0.16,3
1418,B,B,B,B,B,B,B,D,17,1.69,60,2,3,3,2,1,1
1419,B,A,A,B,B,B,B,A,23.96,1.79,116.1,1.99,3,2,0.97,0.74,3
1420,B,A,A,A,B,B,B,A,31.03,1.89,129.35,2.5,3,1.13,0.95,1.02,3
1421,A,A,A,B,B,B,A,A,25.19,1.7,80.75,2.55,3,2.27,0.5,1,6
1422,A,B,A,B,B,B,B,A,21,1.69,63,3,1,1,0,0,1
1423,B,A,A,B,B,B,B,C,30,1.77,109,3,3,1,2,0,2
1424,A,A,A,B,B,B,C,A,22.88,1.62,82,1.75,1,2,0,0.3,2
1425,B,A,A,B,B,B,B,A,26.05,1.75,80.02,1.99,3.17,2.36,1.22,0.02,5
1426,B,B,A,B,B,B,B,A,18,1.79,51.55,2.9,3,1.84,1.16,1,0
1427,B,A,A,B,B,B,B,C,30.63,1.77,118.36,2.96,3,2.38,0.61,1.88,3
1428,A,A,A,B,B,C,B,A,21.46,1.61,68.11,1.98,3.55,2.22,0.98,0.46,5
1429,A,A,A,B,B,B,B,A,25.99,1.61,104.95,3,3,2.33,0.06,0.56,4
1430,B,A,A,B,B,B,B,C,30.72,1.78,120.75,2.52,3,2.23,0.35,1.14,3
1431,B,A,A,B,B,B,C,A,33.55,1.7,103.84,2.58,2.42,1,1.98,0,3
1432,A,A,B,B,B,B,C,A,21.82,1.49,62.27,2,1.48,2,0.32,0.52,6
1433,A,A,A,B,B,B,B,A,21,1.55,49,2,3,3,3,1,1
1434,B,B,A,B,B,D,C,A,17,1.72,62,2,3,2,3,1,1
1435,B,A,A,B,B,B,C,A,22.58,1.75,95.27,2,3,3,3,2,2
1436,A,A,A,B,B,B,C,A,22.59,1.65,87.68,2.98,1.07,2.85,1.1,1,2
1437,B,A,A,B,B,B,B,A,19.43,1.81,86.14,2.64,3.82,2.4,2.04,0.47,5
1438,B,A,B,B,B,B,B,A,17,1.8,68,2,3,1,2,1,1
1439,B,B,A,B,B,B,C,A,19,1.8,60,2,3,1,1,1,1
1440,B,A,A,B,B,B,C,A,24,1.61,99.96,3,1.42,1,1.19,1.38,3
1441,B,A,A,B,B,B,B,A,24.2,1.78,120.59,2.11,3,2.32,1.8,0.36,3
1442,B,A,A,B,B,B,B,A,23.15,1.82,120.34,3,2.79,2.63,1.19,0.03,3
1443,B,A,B,B,B,B,A,A,23,1.8,77,2,3,2,2,1,1
1444,A,A,A,B,B,B,B,A,21.41,1.68,121.64,3,3,1.48,0.74,0.6,4
1445,A,A,B,B,B,B,C,A,24,1.5,63,2,1,2,0,0,6
1446,A,A,A,B,B,B,B,A,25.98,1.61,105,3,3,1.24,0.08,0.54,4
1447,A,A,A,B,B,B,B,A,25.92,1.62,104.99,3,3,1.65,0.14,0.71,4
1448,B,A,A,B,B,B,B,C,18,1.8,72,2,3,2,3,0,1
1449,B,A,A,B,B,B,B,C,29.62,1.79,112.54,2.01,3,2.04,0,0.47,3
1450,A,A,A,B,B,B,B,A,25.98,1.62,104.95,3,3,1.72,0,0.55,4
1451,A,A,A,B,B,B,C,A,23,1.68,80.04,2,2.98,1.96,0.19,1.73,6
1452,B,A,A,B,B,B,C,A,18,1.79,108.96,2,1.09,2.28,1,1.61,2
1453,A,B,A,B,B,A,B,A,39,1.65,50,3,4,2,0,0,0
1454,B,A,A,B,B,B,B,A,25.03,1.76,112.2,1.26,3,2,1.33,0,3
1455,A,B,A,B,A,B,B,A,18,1.5,55.38,2,3,1.27,0.13,0.98,5
1456,B,A,A,B,B,B,C,C,47.71,1.74,84.73,2.54,3,1.15,0.31,0,6
1457,A,A,A,B,B,B,B,A,20.91,1.7,126.49,3,3,1.24,0.53,0.58,4
1458,A,A,A,B,B,B,C,C,37.21,1.67,80.99,2.01,2.78,1.65,0,0.79,6
1459,A,B,A,B,B,A,B,A,21,1.52,42,3,1,1,0,0,0
1460,A,A,A,B,B,B,A,C,28.17,1.66,78,2.94,1.53,1.93,0.53,0.37,6
1461,A,A,A,B,B,B,B,A,20.85,1.73,131.77,3,3,1.76,1.47,0.95,4
1462,A,A,B,B,B,B,B,A,33,1.56,48,2,3,2,1,0,1
1463,B,A,A,B,B,B,B,C,33.18,1.84,97.03,2,1.98,3,1,0,6
1464,B,A,A,B,B,B,C,C,19.87,1.76,55.37,2.12,4,2.58,2,1.51,0
1465,B,A,A,B,B,A,B,A,23,1.89,65,3,3,3,1,1,0
1466,A,A,A,B,B,B,B,A,23.66,1.74,133.47,3,3,2.86,1.03,0.71,4
1467,A,B,A,B,B,B,B,A,25,1.57,55,2,1,2,2,0,1
1468,B,A,A,B,B,B,B,A,24.41,1.78,118.74,2.74,2.99,2.05,0.85,0.43,3
1469,B,A,A,B,B,B,C,A,17.41,1.72,97.35,2,3,2,0,0.93,2
1470,A,B,A,B,B,A,B,A,19.48,1.54,42,3,1,1.39,0,0.47,0
1471,B,A,A,B,B,B,B,C,31.87,1.75,118.1,2.14,3,2.05,0.37,0.36,3
1472,B,A,A,B,B,B,B,A,18,1.72,53,2,3,2,0,2,0
1473,B,A,A,B,B,B,B,A,23.14,1.85,121.66,3,2.51,1.69,0.77,0,3
1474,B,A,A,B,B,B,B,A,21,1.75,75,3,3,2,0,1,1
1475,B,A,A,B,B,B,B,A,22.28,1.85,121.79,3,2.27,1.56,0.35,0,3
1476,A,A,A,B,B,B,B,A,25.94,1.63,104.84,3,3,2.21,0.11,0.6,4
1477,A,A,A,B,B,B,C,A,22.31,1.61,82.53,2.05,2.62,2.28,2.05,0.9,2
1478,A,B,A,B,B,B,B,A,17.82,1.71,50,1.64,3.45,1.1,0.42,1,0
1479,B,B,A,A,B,D,B,D,21,1.82,67,2,4,3,3,2,1
1480,B,A,A,B,B,B,B,C,23.17,1.86,88.68,2,2.78,1.28,0.56,1,5
1481,B,B,B,B,A,B,C,A,18,1.74,64,3,3,2,0,1,1
1482,B,A,A,B,B,B,B,C,29.51,1.83,108.75,2,2.88,2.36,0.88,1.82,2
1483,A,A,A,B,B,B,B,A,22.86,1.63,82.41,2.64,1.02,2.02,0.24,0.29,2
1484,B,A,A,B,B,B,B,A,31.4,1.92,101.54,2,1.01,2,1,0,6
1485,A,A,A,B,A,B,C,A,16.87,1.64,67.44,1.31,1.07,1.36,0,0.06,5
1486,A,A,A,B,B,B,B,A,20,1.54,39,1,3,2,3,2,0
1487,A,A,A,B,B,B,B,A,21.77,1.73,132.9,3,3,1.82,1.58,0.93,4
1488,A,A,A,B,B,A,C,A,27.15,1.66,49.56,2,3.44,2.02,1.08,1.27,0
1489,B,A,A,B,B,A,C,A,18.22,1.76,52,3,3,2,0.66,1,0
1490,B,A,A,A,A,C,A,C,30,1.76,112,1,3,2,0,0,3
1491,B,A,A,B,B,B,B,A,22.35,1.75,105,2.87,3,2.63,1,0,2
1492,A,A,A,B,B,B,B,A,18.15,1.8,149.94,3,3,2.18,2,0.94,4
1493,B,A,A,B,B,B,C,A,23,1.71,90.5,2,3,1.53,0.97,1,2
1494,B,A,A,B,B,B,C,A,19.96,1.76,54.98,2.28,3.5,2.89,1.7,1.89,0
1495,A,A,A,B,B,B,B,A,25.47,1.68,104.81,3,3,1.42,0.2,0.76,4
1496,B,A,A,B,B,B,B,C,30.45,1.76,111.95,1.07,3.66,1.98,0.05,0,3
1497,A,B,B,B,B,A,B,A,22,1.73,50.89,3,3.77,1.66,0.43,0.56,0
1498,A,B,A,B,B,B,B,A,18,1.67,66,3,3,2,0,0,1
1499,A,A,A,B,B,B,B,A,21.29,1.8,155.24,3,3,2.35,1.05,0.69,4
1500,B,A,A,B,B,B,C,C,19.92,1.77,57.79,2,3.9,2.62,2,1.89,0
1501,A,A,A,B,B,B,C,A,22.54,1.6,82.01,1.12,1.01,2.04,1.85,1.43,2
1502,B,A,A,B,B,B,B,A,23.25,1.71,75.38,2.56,3.11,1.17,0.18,0.92,5
1503,B,A,A,B,B,B,C,A,18,1.78,108.41,2,2.48,2.66,1,0.17,2
1504,A,A,A,B,B,B,B,C,38.45,1.56,77.68,2,3,1.44,0,0,2
1505,B,A,A,B,B,B,B,C,37.06,1.75,118.21,2.09,3,2.08,0.6,0,3
1506,A,A,A,B,B,B,C,C,40.99,1.57,79.49,2,3,2.95,0,0,2
1507,B,A,A,B,B,B,B,A,26,1.84,105.03,3,3,2.93,2,1.76,2
1508,A,A,A,B,B,B,B,A,26,1.63,105.04,3,3,2.35,0.01,0.5,4
1509,B,A,A,B,B,B,B,A,28.83,1.77,82.05,1.06,3.99,2.03,0.82,0.89,5
1510,A,A,A,B,B,B,B,A,25.99,1.59,110.17,3,3,2.45,0,0.49,4
1511,B,B,A,B,B,A,B,A,19,1.69,65,2,3,1,1,1,1
1512,A,B,A,B,B,B,B,A,21,1.6,48,2,3,1,1,0,1
1513,A,A,A,B,B,B,B,A,22,1.73,79,2,1,2,1,0,5
1514,B,A,A,B,B,B,B,A,23.08,1.85,121.42,3,2.57,2.01,0.92,0,3
1515,A,A,A,B,B,B,B,A,20.39,1.78,137.79,3,3,2.7,1.61,0.73,4
1516,A,A,A,B,B,B,B,A,25.92,1.61,102.09,3,3,1.02,0.05,1,4
1517,A,A,A,B,B,B,A,A,18.27,1.74,76.7,2.84,3,2.43,1,1.45,5
1518,A,A,A,B,B,B,B,A,26,1.62,105.04,3,3,2.55,0,0.39,4
1519,B,A,A,B,B,B,B,A,19.34,1.86,87.11,2.21,4,2.37,2,0.62,5
1520,A,A,A,B,B,B,B,A,25.98,1.63,105.43,3,3,1.48,0.1,0.66,4
1521,A,A,A,B,B,A,C,A,22.97,1.75,55.97,2.48,3.37,2,2,0.33,0
1522,A,A,A,B,A,B,C,D,18,1.6,60,3,1,1,0,2,1
1523,B,A,A,B,B,B,B,A,21.01,1.86,118.18,2,3,3,0.79,1.22,2
1524,A,A,A,B,A,A,C,C,22,1.65,65,2,3,2,1,0,1
1525,A,A,A,B,B,B,B,A,18.31,1.75,133.03,3,3,2.98,1.59,0.63,4
1526,A,A,A,B,B,B,C,A,22.36,1.61,82.37,1.88,2.81,2.31,2.15,0.2,2
1527,B,B,A,B,B,C,B,A,21,1.62,70,2,1,3,1,0,5
1528,A,A,A,B,B,A,C,A,23,1.71,50.08,2,3,2.69,0.37,2,0
1529,A,A,A,B,B,B,B,A,21,1.74,132.15,3,3,1.66,1.67,0.63,4
1530,A,B,A,B,A,B,B,A,18.92,1.63,45,3,3,2.92,1.35,0.22,0
1531,B,A,A,B,B,B,C,C,34.97,1.71,84.72,2.88,3,3,2,0.83,6
1532,B,A,B,B,B,B,B,A,19.68,1.7,78.05,1.65,2.75,2.19,1.47,0.52,6
1533,B,A,A,B,B,B,C,A,22,1.72,68,2,3,2,1,1,1
1534,B,A,A,B,B,B,B,A,22.98,1.84,120.43,2.38,2.94,2,1.69,0.63,3
1535,B,A,A,B,B,B,B,C,29,1.64,89.42,1.33,3,1.88,0.32,0,2
1536,A,B,A,B,B,A,B,A,17,1.58,50,1,4,2,1,2,1
1537,B,A,B,B,B,A,A,A,26,1.7,70,3,1,2,2,0,1
1538,B,B,B,B,B,B,C,C,26,1.74,80,2,3,2,2,0,5
1539,B,A,A,B,B,B,B,A,23.81,1.73,84.56,2.99,3,2.41,0.46,0.69,6
1540,A,B,A,B,B,B,C,A,17,1.63,65,2,1,3,1,1,1
1541,A,A,A,B,B,B,B,A,25.99,1.61,104.85,3,3,2.61,0.07,0.78,4
1542,A,A,A,B,B,B,B,A,26,1.64,111.84,3,3,2.62,0,0.2,4
1543,B,A,A,B,B,B,B,A,25.1,1.83,118.42,1.46,3,2.36,1.14,0.1,3
1544,B,B,A,B,B,C,B,A,21,1.62,70,2,1,3,1,0,5
1545,B,A,A,B,B,B,B,A,22.87,1.71,75.83,2.51,3.65,1.28,0.13,1.83,5
1546,A,A,A,B,B,B,B,A,21.57,1.6,68.06,1.77,3.32,2.62,0.94,0.26,5
1547,B,A,A,B,B,B,B,A,23,1.62,53,2,3,2,1,1,1
1548,B,A,A,B,B,B,B,C,38.71,1.77,117.29,2.25,2.84,1.88,0.92,0,3
1549,B,A,A,B,B,B,C,A,20.88,1.67,80,2,3,2,1.67,1.44,6
1550,A,A,A,B,B,B,B,A,21.68,1.73,133.04,3,3,1.61,1.51,0.93,4
1551,A,A,A,B,B,C,C,A,19,1.59,49,2,1,2,2,0,1
1552,A,A,A,B,B,B,B,A,20.74,1.69,122.81,3,3,1.41,0.93,0.84,4
1553,A,A,A,B,B,B,B,A,26,1.64,111.54,3,3,2.63,0,0.16,4
1554,B,A,A,B,B,B,B,A,23.47,1.84,121.14,3,2.7,2.74,0.99,0,3
1555,B,B,A,B,B,C,B,A,22.43,1.64,70,2,1,2.07,0.73,0,5
1556,B,A,A,B,B,B,B,A,21.54,1.85,122.61,3,1.97,1.18,0.18,0,3
1557,A,A,A,B,B,A,C,A,21.81,1.71,51.71,2.88,3.09,1.25,1.95,0.43,0
1558,A,A,B,B,B,B,C,A,20.39,1.53,65.22,2.45,3,2,2.18,1.32,6
1559,A,A,A,B,B,B,B,A,21.03,1.74,78.66,2.78,1.1,1.58,1.15,0,5
1560,B,A,A,B,B,B,C,A,22.75,1.73,95,2,3,2.29,2.67,1.24,2
1561,A,A,A,B,B,B,B,A,21.5,1.81,152.39,3,3,2.35,0.25,0.91,4
1562,B,A,A,B,B,B,B,C,24,1.7,75,2,3,2,1,0,5
1563,A,A,A,B,B,B,C,A,24,1.7,80,2,3,3,0,0,6
1564,B,A,A,B,B,B,B,C,30.97,1.69,90,2.18,2.73,2.78,1.45,0,2
1565,A,A,A,B,B,A,B,A,23,1.59,48,2,1,1,0,2,1
1566,B,A,A,B,B,B,C,C,17.58,1.77,55.7,2,4,2.37,2,1.61,0
1567,B,A,A,B,B,B,C,A,21.87,1.7,95.56,2,2.97,2,0,0.17,2
1568,A,A,A,B,B,A,C,A,22.94,1.73,54.84,3,3,2,1.26,0.42,0
1569,B,A,A,B,B,B,B,A,22.09,1.79,89.8,1.72,1.63,2,0,0.31,6
1570,B,A,A,B,B,B,C,A,24,1.61,100.08,2.89,1.69,1.01,0.5,1.22,3
1571,A,B,B,B,A,A,B,A,19.38,1.6,45,3,3,2.95,1.3,0,0
1572,A,A,A,B,B,B,B,A,19.01,1.74,133.78,3,3,2.7,1.47,0.81,4
1573,B,A,A,B,B,B,B,A,19.48,1.86,88.14,2.06,4,2.43,2,0.16,5
1574,A,A,B,B,B,B,C,A,20.63,1.57,67.9,2.51,3,1.13,0.1,1,6
1575,A,B,A,B,B,B,B,A,18,1.76,50.28,1.57,3,1.99,0.11,1,0
1576,A,A,A,B,B,B,B,A,26,1.63,111.82,3,3,2.55,0,0.22,4
1577,A,A,A,B,B,B,B,A,26,1.63,104.92,3,3,2.59,0,0.47,4
1578,B,A,A,B,B,B,B,C,31.78,1.67,90,2.95,1.78,2.21,1.99,0,2
1579,A,A,B,B,A,D,A,A,20,1.61,64,3,3,2,0,1,1
1580,A,B,A,B,B,B,B,A,19.99,1.54,39.1,1.12,3,2,2.43,1.63,0
1581,B,B,A,A,B,B,B,A,26,1.7,70,2,3,1,0,0,1
1582,A,A,A,B,B,B,B,A,26,1.62,110.68,3,3,2.69,0,0.43,4
1583,B,A,A,B,B,B,B,C,31.63,1.67,90,2.47,1.85,2.1,1.99,0,2
1584,A,A,A,B,B,B,B,A,26,1.65,111.91,3,3,2.88,0,0.1,4
1585,B,A,A,B,B,B,C,A,30.64,1.68,102,2.94,2.14,1.25,1.18,0.78,3
1586,A,A,A,B,B,B,B,A,25.97,1.63,104.79,3,3,2.44,0.13,0.68,4
1587,B,B,A,B,B,B,B,A,19,1.67,68,2,3,2,1,0,1
1588,A,A,B,B,B,B,B,A,20,1.63,74.43,2.52,1.03,2.4,2.36,0.44,6
1589,B,A,A,B,B,B,C,C,33.15,1.69,83.99,2,2.47,2.45,0.93,0,6
1590,B,A,A,B,B,A,C,A,20,1.8,114,2,3,2,0,1,3
1591,A,A,A,B,B,B,B,A,26,1.65,111.93,3,3,2.77,0,0.09,4
1592,A,A,A,B,B,B,B,A,21.81,1.6,66.4,2.11,3,2.75,1.91,0,5
1593,B,A,A,B,B,B,B,C,28.99,1.76,113.5,2.32,3,2.16,0,1.47,3
1594,B,A,A,B,B,B,B,A,19.51,1.82,87.66,2.79,3.79,2.43,2.09,0.39,5
1595,B,A,A,B,B,B,C,C,18.53,1.86,59.26,2.59,3.3,2.04,2.04,1.12,0
1596,B,A,A,B,B,A,C,C,22,1.74,75,3,3,1,1,0,1
1597,A,B,B,B,A,A,B,A,19.77,1.6,45,3,3,2.88,1.26,0,0
1598,A,A,A,B,B,B,B,A,18.6,1.68,90.67,1.52,3,1.38,0.13,1,2
1599,B,A,A,B,B,B,B,D,26,1.72,65,2,3,2,0,1,1
1600,A,A,A,B,B,B,C,A,23.1,1.57,79,2,1,2,0.4,0,2
1601,A,B,B,B,B,A,C,A,21.29,1.56,42.36,2.32,1.08,1.22,0.03,0,0
1602,B,A,A,B,B,B,C,A,22.79,1.64,104.27,2.87,1.57,1.53,0.17,1.37,3
1603,B,B,A,B,B,B,B,A,17.73,1.73,51.22,2.05,2.65,2.36,0.29,0.9,0
1604,A,A,A,B,B,A,C,A,21.48,1.69,51.26,3,3.18,1.91,0.48,0.63,0
1605,A,A,A,B,B,B,C,C,39.17,1.69,79.28,3,3,2.99,0,0,6
1606,B,A,A,B,B,B,B,A,27,1.83,99.08,2.76,1,1.34,1.9,0.49,6
1607,B,A,A,B,B,B,B,A,23,1.74,105,3,3,2,1,0,2
1608,B,A,A,B,B,B,B,A,23.57,1.7,75,2,3,2,0.35,1.42,5
1609,A,B,A,B,B,A,B,A,19.35,1.52,42,2.91,1.06,1.6,0.11,0.77,0
1610,B,A,A,B,B,B,B,A,20,1.82,85,2.95,3,3,2.43,0.56,5
1611,A,A,A,B,B,B,B,A,26,1.59,47,2,1,2,0,2,1
1612,B,A,A,B,B,B,C,C,18.47,1.86,58.67,2.34,3.94,2.31,2.01,1.13,0
1613,B,A,A,B,B,B,B,A,30.6,1.91,129.23,2.5,3,1.36,1.14,0.17,3
1614,A,B,B,B,B,A,B,A,21,1.52,42,3,1,1,0,0,0
1615,A,A,A,B,B,B,B,A,21.24,1.76,133.94,3,3,2.84,1.47,0.89,4
1616,B,A,A,B,B,D,B,A,17,1.66,56,1,3,2,1,1,1
1617,A,A,B,B,B,B,C,A,21,1.53,65,2,3,1,0,1,6
1618,B,A,B,B,B,A,C,C,38,1.75,75,3,3,1,2,1,1
1619,A,B,A,B,B,B,C,A,16,1.6,57,3,3,1,3,0,1
1620,B,A,A,B,B,B,C,A,31.74,1.68,102.02,2.83,2.37,1,2,0,3
1621,B,A,A,B,B,B,B,A,24.15,1.83,120.86,2.4,3,2.49,2,0.71,3
1622,A,A,A,B,B,A,C,A,22.55,1.72,51.88,2.66,3,1.04,0.79,1.39,0
1623,A,A,A,B,B,B,C,A,23,1.63,82.63,2.06,2.93,2.24,0.38,0,2
1624,B,A,A,B,B,B,C,C,34.65,1.77,85,2.8,3,2.98,1.97,0.94,6
1625,A,A,B,B,B,B,C,D,22,1.5,49,2,1,2,3,0,1
1626,B,A,A,B,B,B,B,A,22,1.69,80.54,2,2.04,2,2.71,1.51,6
1627,A,A,A,B,B,B,B,A,18,1.69,90.03,2.5,3,1.85,1.07,0.73,2
1628,A,B,A,B,B,A,B,A,18,1.6,55,2,4,2,2,1,1
1629,B,B,B,B,B,B,B,A,20,1.56,45,2,3,2,1,1,1
1630,A,B,A,B,B,B,B,A,19.07,1.76,49.7,1.69,3.27,1.1,2,1,0
1631,B,A,A,B,B,B,B,A,19.24,1.86,88.63,2.05,3.83,1.64,1.55,0.25,5
1632,B,A,A,B,B,B,B,C,27.83,1.7,101.63,2.63,1,1,0.25,0.32,3
1633,B,A,A,B,B,B,B,A,30.96,1.91,128.86,2.63,3,1.62,1.85,0.42,3
1634,A,A,A,B,B,B,B,A,25.95,1.65,104.79,3,3,2.54,0.15,0.77,4
1635,A,A,A,B,B,B,B,A,25.96,1.62,109.98,3,3,2.47,0,0.43,4
1636,B,A,A,B,B,B,B,C,39.76,1.79,101.78,2.33,2.11,2.5,3,1,2
1637,A,A,A,B,B,B,B,C,37.97,1.56,80,2.53,1.27,1.89,1.3,0,2
1638,B,B,A,B,B,C,B,A,22.02,1.63,70,2,1,2.98,0.78,0,5
1639,B,A,A,B,B,B,B,A,20.65,1.78,102.92,2,3,1.61,1.25,0,2
1640,A,A,A,B,A,B,C,A,16.95,1.6,65,2.96,1,2,0.74,1.34,5
1641,B,B,B,B,B,C,C,A,21,1.81,80,1,3,2,2,0,1
1642,A,A,A,B,B,A,C,A,18,1.62,55,2,3,1,1,1,1
1643,A,A,A,B,B,B,B,A,26,1.63,111.95,3,3,2.74,0,0.04,4
1644,B,B,A,B,B,A,C,B,29,1.77,83,1,4,3,0,1,5
1645,A,A,A,B,B,B,B,A,25.29,1.68,104.82,3,3,1.44,0.22,0.91,4
1646,A,A,A,B,B,B,B,A,26,1.64,110.82,3,3,2.71,0,0.25,4
1647,A,B,A,B,B,A,B,A,19.22,1.53,42,3,1,1.95,0,0.91,0
1648,B,A,A,B,B,B,C,A,23.1,1.73,97.96,2,2.99,2.36,2.49,1.63,2
1649,B,B,A,B,B,B,A,D,23,1.68,70,2,3,2,2,2,1
1650,A,A,A,B,B,B,B,A,21.01,1.71,131.87,3,3,1.71,1.59,0.93,4
1651,B,B,B,B,B,A,B,C,23,1.68,62,2,4,2,0,0,1
1652,A,B,B,B,B,B,C,D,16,1.66,58,2,1,1,0,1,1
1653,A,A,A,B,B,B,B,A,21.21,1.72,130.87,3,3,1.3,1.72,0.95,4
1654,A,B,A,B,B,B,B,A,19,1.51,45,2,4,1,3,0,1
1655,B,A,A,B,B,B,B,C,29.39,1.68,90,2.09,2.64,2.77,1.25,0,2
1656,A,A,A,B,B,B,C,A,18,1.61,84.49,2,3,1.05,1,0,2
1657,A,B,A,B,B,B,B,A,17.07,1.65,49.6,3,3.57,1.44,2,1,0
1658,B,A,A,B,B,B,B,A,21.03,1.73,82.85,2.27,2.69,2,2.22,0.65,6
1659,B,A,A,B,B,B,B,C,25.15,1.76,112.09,1.11,3,2,1.23,0,3
1660,A,A,A,B,B,B,B,A,22.98,1.66,114.47,3,3,2.41,0.19,0.8,4
1661,A,B,A,B,B,A,B,A,21,1.52,42,3,1,1,0,0,0
1662,B,A,A,B,B,B,B,C,31.57,1.75,118.27,2.23,3,2.15,0.89,0.48,3
1663,A,A,A,B,B,B,C,C,34.37,1.65,77.13,2.6,1.62,1.64,0.66,1,6
1664,B,A,A,B,B,B,B,A,27,1.88,99.62,2.68,1,1.06,1.52,0.08,6
1665,B,A,A,B,B,B,B,A,21.02,1.79,105.04,2.26,3,1.03,0.27,0.08,2
1666,B,A,B,B,B,B,B,C,29,1.69,90,2,3,3,1,0,2
1667,A,A,A,B,B,B,B,A,26,1.64,111.94,3,3,2.72,0,0.09,4
1668,A,A,A,B,B,B,C,C,43.38,1.58,81.92,2.77,1.32,1.89,0.99,0,2
1669,A,A,A,B,B,B,B,A,21.05,1.73,131.88,3,3,1.42,1.71,0.67,4
1670,B,A,A,B,B,B,C,A,24.28,1.78,82.33,1.99,3.05,2.08,1.11,0.94,5
1671,B,A,B,B,B,B,B,C,26.95,1.77,118.15,2.18,3,2.28,0.68,0,3
1672,B,B,A,B,B,A,B,A,19,1.7,50,1,4,1,2,1,0
1673,A,B,A,B,B,A,B,A,19,1.5,50,2,3,1,0,2,1
1674,B,A,A,B,B,B,B,A,22.72,1.71,75,2.71,3,3,1.1,1.89,5
1675,A,A,A,B,B,B,C,A,16.38,1.62,67.91,2.85,1,2,0.98,1.77,5
1676,A,A,A,B,A,B,C,A,16.24,1.62,65.06,2.39,1,1.44,0.11,1.17,5
1677,A,A,A,B,B,B,B,A,26,1.62,110.82,3,3,2.67,0,0.34,4
1678,B,B,A,B,B,C,B,A,21.04,1.64,70,2,1,2.88,0.92,0,5
1679,A,A,B,B,B,B,B,A,21,1.5,65,2,3,2,2,2,6
1680,B,A,A,B,B,B,C,A,30.42,1.7,100.18,2.82,1.92,1,1.39,0.55,3
1681,B,A,A,B,B,B,C,A,21.1,1.69,96.37,2,2.96,2,0,1.6,2
1682,A,A,A,B,B,B,B,A,19.14,1.72,127.64,3,3,1.31,0.91,0.71,4
1683,B,A,A,B,B,A,C,A,16,1.67,50,2,1,3,1,0,0
1684,B,A,A,B,B,B,C,A,34.16,1.71,103.07,2.56,2.1,1.46,1.17,0.41,3
1685,A,A,B,B,B,B,B,A,18.86,1.56,71.73,3,3.34,2,1,1,6
1686,A,A,A,B,B,B,B,A,21,1.75,77.93,2.92,1.1,1.53,1.36,0,5
1687,B,A,A,B,B,A,B,B,25,1.71,71,2,3,2,0,0,1
1688,A,,B,B,,B,C,B,61.24,1.62,65.06,2.39,1,1.44,0.11,2,0
1689,A,A,A,B,B,B,B,A,11,2.66,36,2,4,1.41,1.19,0.8,6
1690,B,A,B,B,A,C,B,B,37,0.63,74.43,7.52,1.03,2.4,2.36,0.44,1
1691,A,B,A,B,B,B,C,A,75.04,1.76,38.53,1.97,1.08,2,1,0.46,2
1692,,A,A,B,B,A,C,A,21.48,1.69,,3,3.18,1.91,1.48,0.63,0
1693,B,A,B,B,B,A,A,B,85.99,0.14,38.56,2.07,3,2.31,0.07,0.73,2
1694,A,A,A,B,,A,C,A,61.58,,79.26,3,4.18,2.31,2,1.73,0
1695,A,B,B,A,B,A,B,B,25,1.66,68,2,2.45,2.4,1,3.1,6
1696,A,,A,B,B,,A,B,21.48,,51.26,2.6,,1.91,0.68,0.83,3
1697,A,A,A,B,A,B,B,A,76,0.56,99,1,3,2,1,2,0
1698,B,A,B,,B,A,C,A,111.48,1.69,51.26,3,5.18,1.91,0.49,0.43,2
1699,B,B,A,B,A,,B,C,78,5.89,9.02,3.64,1.8,1.9,1.65,8.36,6
1700,B,A,B,A,B,B,A,A,77.65,11.53,79.76,1,3,1,2,0,0
1701,,A,A,B,B,C,A,A,21.48,1.69,67,1,3.18,3.5,0.48,0.63,1
1702,B,A,B,B,A,B,A,B,83.72,8.58,80.99,2.19,2.9,2.47,0.16,0.8,5
1703,B,A,,B,B,C,B,A,,1.69,34,2,6.18,1.2,0.48,1.63,1
1704,B,B,A,B,B,C,B,B,91.33,5.13,1.53,1,6,1.3,1.74,0.94,0
1705,B,A,A,B,,B,,A,21.48,1.69,67,1.5,3.18,3.4,0.48,0.63,1
1706,B,B,A,A,B,B,B,A,38.68,111.5,76.64,2,3,1,0,0,3
1707,B,A,,A,B,C,,A,26.48,3.19,18,2,4.18,0.3,2.48,0.63,2
1708,A,B,A,A,B,B,B,C,34.1,1.84,91.8,2,3,1.26,0.94,1,3
1709,B,B,A,,B,C,,A,21.88,1.69,12.23,2,3.18,2.2,1.48,0.63,3
1710,B,A,A,B,B,B,B,A,125.48,1.86,117.57,2.03,3,2.53,1.31,4.07,1
1711,,A,A,B,B,C,,A,41.48,2.34,67,1,3.18,,0.48,0.13,4
1712,B,A,B,B,B,A,B,C,85.92,1.61,22.17,1.75,3,4.03,0.05,0.92,1
1713,B,B,A,B,B,C,,A,27.48,0.69,14,2,3.18,2,0.58,0.63,1
1714,A,A,B,B,B,B,C,A,23,1.65,94.79,2,3,1.49,0.65,1,5
1715,B,A,,B,B,C,,A,16.48,1.69,23,3,3.18,0.7,0.98,0.23,2
1716,A,B,A,B,A,B,A,B,76.21,11.7,78.04,2.78,3,12.17,1.86,0.84,0
1717,,A,A,A,B,C,,B,68,1.69,89,3.1,1.18,1.6,0.48,,1
1718,A,B,B,B,B,B,B,C,88.63,18.51,75.41,2,2.58,1.54,1.88,3,1
